timestamp,gpx_lon,gpx_lat,gps_lon,gps_lat,air_lon,air_lat,fnl_lon,fnl_lat,type_mask,mlt_mask,date,stay_point_x,stay_point_y,stay_status,move_id,outlier,time_minute,time_hour,time_date
1637285027.0,,,114.1292576,22.2823689,,,114.1292576,22.2823689,log,sing,19,114.129452968714,22.282355397402668,1.0,1,1.0,23.0,9.0,19.0
1637285060.0,,,114.1292576,22.2823689,,,114.1292576,22.2823689,log,sing,19,114.129452968714,22.282355397402668,1.0,1,1.0,24.0,9.0,19.0
1637285126.0,,,114.1292576,22.2823689,,,114.1292576,22.2823689,log,sing,19,114.129452968714,22.282355397402668,1.0,1,1.0,25.0,9.0,19.0
1637285192.0,,,114.1292576,22.2823689,,,114.1292576,22.2823689,log,sing,19,114.129452968714,22.282355397402668,1.0,1,1.0,26.0,9.0,19.0
1637286163.0,,,114.1292576,22.2823689,,,114.1292576,22.2823689,log,sing,19,114.129452968714,22.282355397402668,1.0,1,1.0,42.0,9.0,19.0
1637286213.0,,,114.1292576,22.2823689,,,114.1292576,22.2823689,log,sing,19,114.129452968714,22.282355397402668,1.0,1,1.0,43.0,9.0,19.0
1637286273.0,,,114.1292576,22.2823689,,,114.1292576,22.2823689,log,sing,19,114.129452968714,22.282355397402668,1.0,1,1.0,44.0,9.0,19.0
1637286333.0,,,114.1292576,22.2823689,,,114.1292576,22.2823689,log,sing,19,114.129452968714,22.282355397402668,1.0,1,1.0,45.0,9.0,19.0
1637286393.0,,,114.1292576,22.2823689,,,114.1292576,22.2823689,log,sing,19,114.129452968714,22.282355397402668,1.0,1,1.0,46.0,9.0,19.0
1637286453.0,,,114.1292576,22.2823689,,,114.1292576,22.2823689,log,sing,19,114.129452968714,22.282355397402668,1.0,1,1.0,47.0,9.0,19.0
1637286513.0,,,114.1292576,22.2823689,,,114.1292576,22.2823689,log,sing,19,114.129452968714,22.282355397402668,1.0,1,1.0,48.0,9.0,19.0
1637286574.0,,,114.1292576,22.2823689,,,114.1292576,22.2823689,log,sing,19,114.129452968714,22.282355397402668,1.0,1,1.0,49.0,9.0,19.0
1637286634.0,,,114.1292576,22.2823689,,,114.1292576,22.2823689,log,sing,19,114.129452968714,22.282355397402668,1.0,1,1.0,50.0,9.0,19.0
1637286694.0,,,114.1292576,22.2823689,,,114.1292576,22.2823689,log,sing,19,114.129452968714,22.282355397402668,1.0,1,1.0,51.0,9.0,19.0
1637286754.0,,,114.1292576,22.2823689,,,114.1292576,22.2823689,log,sing,19,114.129452968714,22.282355397402668,1.0,1,1.0,52.0,9.0,19.0
1637286814.0,,,114.1292576,22.2823689,,,114.1292576,22.2823689,log,sing,19,114.129452968714,22.282355397402668,1.0,1,1.0,53.0,9.0,19.0
1637286874.0,,,114.1292576,22.2823689,,,114.1292576,22.2823689,log,sing,19,114.129452968714,22.282355397402668,1.0,1,1.0,54.0,9.0,19.0
1637286934.0,,,114.1292576,22.2823689,,,114.1292576,22.2823689,log,sing,19,114.129452968714,22.282355397402668,1.0,1,1.0,55.0,9.0,19.0
1637286994.0,,,114.1292576,22.2823689,,,114.1292576,22.2823689,log,sing,19,114.129452968714,22.282355397402668,1.0,1,1.0,56.0,9.0,19.0
1637287054.0,,,114.1292576,22.2823689,,,114.1292576,22.2823689,log,sing,19,114.129452968714,22.282355397402668,1.0,1,1.0,57.0,9.0,19.0
1637287114.0,,,114.1292576,22.2823689,,,114.1292576,22.2823689,log,sing,19,114.129452968714,22.282355397402668,1.0,1,1.0,58.0,9.0,19.0
1637287174.0,,,114.1292576,22.2823689,,,114.1292576,22.2823689,log,sing,19,114.129452968714,22.282355397402668,1.0,1,1.0,59.0,9.0,19.0
1637287234.0,,,114.1292576,22.2823689,,,114.1292576,22.2823689,log,sing,19,114.129452968714,22.282355397402668,1.0,1,1.0,0.0,10.0,19.0
1637287295.0,,,114.1292576,22.2823689,,,114.1292576,22.2823689,log,sing,19,114.129452968714,22.282355397402668,1.0,1,1.0,1.0,10.0,19.0
1637287355.0,,,114.1292576,22.2823689,,,114.1292576,22.2823689,log,sing,19,114.129452968714,22.282355397402668,1.0,1,1.0,2.0,10.0,19.0
1637287415.0,,,114.1292576,22.2823689,,,114.1292576,22.2823689,log,sing,19,114.129452968714,22.282355397402668,1.0,1,1.0,3.0,10.0,19.0
1637287475.0,,,114.1292576,22.2823689,,,114.1292576,22.2823689,log,sing,19,114.129452968714,22.282355397402668,1.0,1,1.0,4.0,10.0,19.0
1637287535.0,,,114.1292576,22.2823689,,,114.1292576,22.2823689,log,sing,19,114.129452968714,22.282355397402668,1.0,1,1.0,5.0,10.0,19.0
1637287595.0,,,114.1292576,22.2823689,,,114.1292576,22.2823689,log,sing,19,114.129452968714,22.282355397402668,1.0,1,1.0,6.0,10.0,19.0
1637287623.0,,,114.1292576,22.2823689,,,114.1292576,22.2823689,log,sing,19,114.129452968714,22.282355397402668,1.0,1,1.0,7.0,10.0,19.0
1637288030.0,,,114.1292576,22.2823689,,,114.1292576,22.2823689,log,sing,19,114.129452968714,22.282355397402668,1.0,1,1.0,13.0,10.0,19.0
1637288070.0,,,114.1292576,22.2823689,,,114.1292576,22.2823689,log,sing,19,114.129452968714,22.282355397402668,1.0,1,1.0,14.0,10.0,19.0
1637288130.0,,,114.1292576,22.2823689,,,114.1292576,22.2823689,log,sing,19,114.129452968714,22.282355397402668,1.0,1,1.0,15.0,10.0,19.0
1637288191.0,,,114.1292576,22.2823689,,,114.1292576,22.2823689,log,sing,19,114.129452968714,22.282355397402668,1.0,1,1.0,16.0,10.0,19.0
1637288251.0,,,114.1292576,22.2823689,,,114.1292576,22.2823689,log,sing,19,114.129452968714,22.282355397402668,1.0,1,1.0,17.0,10.0,19.0
1637288312.0,,,114.1292576,22.2823689,,,114.1292576,22.2823689,log,sing,19,114.129452968714,22.282355397402668,1.0,1,1.0,18.0,10.0,19.0
1637288372.0,,,114.1292576,22.2823689,,,114.1292576,22.2823689,log,sing,19,114.129452968714,22.282355397402668,1.0,1,1.0,19.0,10.0,19.0
1637288432.0,,,114.1292576,22.2823689,,,114.1292576,22.2823689,log,sing,19,114.129452968714,22.282355397402668,1.0,1,1.0,20.0,10.0,19.0
1637288492.0,,,114.1292576,22.2823689,,,114.1292576,22.2823689,log,sing,19,114.129452968714,22.282355397402668,1.0,1,1.0,21.0,10.0,19.0
1637288553.0,,,114.1292576,22.2823689,,,114.1292576,22.2823689,log,sing,19,114.129452968714,22.282355397402668,1.0,1,1.0,22.0,10.0,19.0
1637288613.0,,,114.1292576,22.2823689,,,114.1292576,22.2823689,log,sing,19,114.129452968714,22.282355397402668,1.0,1,1.0,23.0,10.0,19.0
1637288673.0,,,114.1292576,22.2823689,,,114.1292576,22.2823689,log,sing,19,114.129452968714,22.282355397402668,1.0,1,1.0,24.0,10.0,19.0
1637288733.0,,,114.1292576,22.2823689,,,114.1292576,22.2823689,log,sing,19,114.129452968714,22.282355397402668,1.0,1,1.0,25.0,10.0,19.0
1637288797.0,,,114.1292576,22.2823689,,,114.1292576,22.2823689,log,sing,19,114.129452968714,22.282355397402668,1.0,1,1.0,26.0,10.0,19.0
1637288857.0,,,114.1292576,22.2823689,,,114.1292576,22.2823689,log,sing,19,114.129452968714,22.282355397402668,1.0,1,1.0,27.0,10.0,19.0
1637288917.0,,,114.1292576,22.2823689,,,114.1292576,22.2823689,log,sing,19,114.129452968714,22.282355397402668,1.0,1,1.0,28.0,10.0,19.0
1637288977.0,,,114.1292576,22.2823689,,,114.1292576,22.2823689,log,sing,19,114.129452968714,22.282355397402668,1.0,1,1.0,29.0,10.0,19.0
1637289031.0,,,114.1292576,22.2823689,,,114.1292576,22.2823689,log,sing,19,114.129452968714,22.282355397402668,1.0,1,1.0,30.0,10.0,19.0
1637289092.0,,,114.1292576,22.2823689,,,114.1292576,22.2823689,log,sing,19,114.129452968714,22.282355397402668,1.0,1,1.0,31.0,10.0,19.0
1637289152.0,,,114.1292576,22.2823689,,,114.1292576,22.2823689,log,sing,19,114.129452968714,22.282355397402668,1.0,1,1.0,32.0,10.0,19.0
1637289212.0,,,114.1292576,22.2823689,,,114.1292576,22.2823689,log,sing,19,114.129452968714,22.282355397402668,1.0,1,1.0,33.0,10.0,19.0
1637289272.0,,,114.1292576,22.2823689,,,114.1292576,22.2823689,log,sing,19,114.129452968714,22.282355397402668,1.0,1,1.0,34.0,10.0,19.0
1637289332.0,,,114.1292576,22.2823689,,,114.1292576,22.2823689,log,sing,19,114.129452968714,22.282355397402668,1.0,1,1.0,35.0,10.0,19.0
1637289392.0,,,114.1292576,22.2823689,,,114.1292576,22.2823689,log,sing,19,114.129452968714,22.282355397402668,1.0,1,1.0,36.0,10.0,19.0
1637289452.0,,,114.1292576,22.2823689,,,114.1292576,22.2823689,log,sing,19,,,0.0,2,1.0,37.0,10.0,19.0
1637289512.0,,,114.1292576,22.2823689,,,114.1292576,22.2823689,log,sing,19,,,0.0,2,1.0,38.0,10.0,19.0
1637289572.0,,,114.1292576,22.2823689,,,114.1292576,22.2823689,log,sing,19,,,0.0,2,1.0,39.0,10.0,19.0
1637289632.0,,,114.1292576,22.2823689,,,114.1292576,22.2823689,log,sing,19,,,0.0,2,1.0,40.0,10.0,19.0
1637289692.0,,,114.1292576,22.2823689,,,114.1292576,22.2823689,log,sing,19,,,0.0,2,1.0,41.0,10.0,19.0
1637289752.0,,,114.1292576,22.2823689,,,114.1292576,22.2823689,log,sing,19,,,0.0,2,1.0,42.0,10.0,19.0
1637289806.0,,,114.1292576,22.2823689,,,114.1292576,22.2823689,log,sing,19,,,0.0,2,1.0,43.0,10.0,19.0
1637289866.0,,,114.1285145,22.2821368,,,114.1285145,22.2821368,log,sing,19,,,0.0,2,1.0,44.0,10.0,19.0
1637289926.0,,,114.1285145,22.2821368,,,114.1285145,22.2821368,log,sing,19,,,0.0,2,1.0,45.0,10.0,19.0
1637289986.0,,,114.1285145,22.2821368,,,114.1285145,22.2821368,log,sing,19,,,0.0,2,1.0,46.0,10.0,19.0
1637290026.0,,,114.1285145,22.2810902,,,114.1285145,22.2810902,log,sing,19,,,0.0,2,-1.0,47.0,10.0,19.0
1637290107.0,,,114.130744,22.2817864,,,114.130744,22.2817864,log,sing,19,,,0.0,2,1.0,48.0,10.0,19.0
1637290167.0,,,114.130744,22.2817864,,,114.130744,22.2817864,log,sing,19,,,0.0,2,1.0,49.0,10.0,19.0
1637290227.0,,,114.130744,22.2817864,,,114.130744,22.2817864,log,sing,19,,,0.0,2,1.0,50.0,10.0,19.0
1637290287.0,,,114.130744,22.2817864,,,114.130744,22.2817864,log,sing,19,,,0.0,2,1.0,51.0,10.0,19.0
1637290348.0,,,114.130744,22.2817864,,,114.130744,22.2817864,log,sing,19,,,0.0,2,1.0,52.0,10.0,19.0
1637290409.0,,,114.130744,22.2817864,,,114.130744,22.2817864,log,sing,19,,,0.0,2,1.0,53.0,10.0,19.0
1637290469.0,,,114.130744,22.2817864,,,114.130744,22.2817864,log,sing,19,,,0.0,2,1.0,54.0,10.0,19.0
1637290529.0,,,114.1288861,22.2806829,,,114.1288861,22.2806829,log,sing,19,,,0.0,2,1.0,55.0,10.0,19.0
1637290590.0,,,114.1288861,22.2806829,,,114.1288861,22.2806829,log,sing,19,,,0.0,2,1.0,56.0,10.0,19.0
1637290650.0,,,114.1288861,22.2806829,,,114.1288861,22.2806829,log,sing,19,,,0.0,2,1.0,57.0,10.0,19.0
1637290710.0,,,114.130744,22.2817864,,,114.130744,22.2817864,log,sing,19,,,0.0,2,1.0,58.0,10.0,19.0
1637290770.0,,,114.1288861,22.2806829,,,114.1288861,22.2806829,log,sing,19,,,0.0,2,1.0,59.0,10.0,19.0
1637290823.0,,,114.130744,22.2817864,,,114.130744,22.2817864,log,sing,19,,,0.0,2,1.0,0.0,11.0,19.0
1637290884.0,,,114.130744,22.2817864,,,114.130744,22.2817864,log,sing,19,,,0.0,2,1.0,1.0,11.0,19.0
1637290944.0,,,114.130744,22.2817864,,,114.130744,22.2817864,log,sing,19,,,0.0,2,1.0,2.0,11.0,19.0
1637291004.0,,,114.1288861,22.2806829,,,114.1288861,22.2806829,log,sing,19,,,0.0,2,1.0,3.0,11.0,19.0
1637291064.0,,,114.1288861,22.2806829,,,114.1288861,22.2806829,log,sing,19,,,0.0,2,1.0,4.0,11.0,19.0
1637291124.0,,,114.1288861,22.2806829,,,114.1288861,22.2806829,log,sing,19,,,0.0,2,1.0,5.0,11.0,19.0
1637291184.0,,,114.1288861,22.2806829,,,114.1288861,22.2806829,log,sing,19,,,0.0,2,1.0,6.0,11.0,19.0
1637291244.0,,,114.1288861,22.2806829,,,114.1288861,22.2806829,log,sing,19,,,0.0,2,1.0,7.0,11.0,19.0
1637291304.0,,,114.1288861,22.2806829,,,114.1288861,22.2806829,log,sing,19,,,0.0,2,1.0,8.0,11.0,19.0
1637291364.0,,,114.130744,22.2817864,,,114.130744,22.2817864,log,sing,19,,,0.0,2,1.0,9.0,11.0,19.0
1637291424.0,,,114.130744,22.2817864,,,114.130744,22.2817864,log,sing,19,,,0.0,2,1.0,10.0,11.0,19.0
1637291484.0,,,114.130744,22.2817864,,,114.130744,22.2817864,log,sing,19,,,0.0,2,1.0,11.0,11.0,19.0
1637291544.0,,,114.130744,22.2817864,,,114.130744,22.2817864,log,sing,19,,,0.0,2,1.0,12.0,11.0,19.0
1637291604.0,,,114.1288861,22.2806829,,,114.1288861,22.2806829,log,sing,19,,,0.0,2,1.0,13.0,11.0,19.0
1637291664.0,,,114.1288861,22.2814975,,,114.1288861,22.2814975,log,sing,19,,,0.0,2,1.0,14.0,11.0,19.0
1637291724.0,,,114.1288861,22.2806829,,,114.1288861,22.2806829,log,sing,19,,,0.0,2,1.0,15.0,11.0,19.0
1637291785.0,,,114.1288861,22.2806829,,,114.1288861,22.2806829,log,sing,19,114.12962920000004,22.27986840000001,0.0,2,1.0,16.0,11.0,19.0
1637291845.0,,,114.1296292,22.2798684,,,114.1296292,22.2798684,log,sing,19,114.12962920000004,22.27986840000001,2.0,3,1.0,17.0,11.0,19.0
1637291905.0,,,114.1296292,22.2798684,,,114.1296292,22.2798684,log,sing,19,114.12962920000004,22.27986840000001,2.0,3,1.0,18.0,11.0,19.0
1637291965.0,,,114.1296292,22.2798684,,,114.1296292,22.2798684,log,sing,19,114.12962920000004,22.27986840000001,2.0,3,1.0,19.0,11.0,19.0
1637292025.0,,,114.1296292,22.2798684,,,114.1296292,22.2798684,log,sing,19,114.12962920000004,22.27986840000001,2.0,3,1.0,20.0,11.0,19.0
1637292085.0,,,114.1296292,22.2798684,,,114.1296292,22.2798684,log,sing,19,114.12962920000004,22.27986840000001,2.0,3,1.0,21.0,11.0,19.0
1637292145.0,,,114.1296292,22.2798684,,,114.1296292,22.2798684,log,sing,19,114.12962920000004,22.27986840000001,2.0,3,1.0,22.0,11.0,19.0
1637292205.0,,,114.1296292,22.2798684,,,114.1296292,22.2798684,log,sing,19,114.12962920000004,22.27986840000001,2.0,3,1.0,23.0,11.0,19.0
1637292265.0,,,114.1296292,22.2798684,,,114.1296292,22.2798684,log,sing,19,114.12962920000004,22.27986840000001,2.0,3,1.0,24.0,11.0,19.0
1637292325.0,,,114.1296292,22.2798684,,,114.1296292,22.2798684,log,sing,19,114.12962920000004,22.27986840000001,2.0,3,1.0,25.0,11.0,19.0
1637292385.0,,,114.1296292,22.2798684,,,114.1296292,22.2798684,log,sing,19,114.12962920000004,22.27986840000001,2.0,3,1.0,26.0,11.0,19.0
1637292445.0,,,114.1296292,22.2798684,,,114.1296292,22.2798684,log,sing,19,114.12962920000004,22.27986840000001,2.0,3,1.0,27.0,11.0,19.0
1637292505.0,,,114.1296292,22.2798684,,,114.1296292,22.2798684,log,sing,19,114.12962920000004,22.27986840000001,2.0,3,1.0,28.0,11.0,19.0
1637292565.0,,,114.1296292,22.2798684,,,114.1296292,22.2798684,log,sing,19,114.12962920000004,22.27986840000001,2.0,3,1.0,29.0,11.0,19.0
1637292625.0,,,114.1296292,22.2798684,,,114.1296292,22.2798684,log,sing,19,114.12962920000004,22.27986840000001,2.0,3,1.0,30.0,11.0,19.0
1637292685.0,,,114.1296292,22.2798684,,,114.1296292,22.2798684,log,sing,19,114.12962920000004,22.27986840000001,2.0,3,1.0,31.0,11.0,19.0
1637292746.0,,,114.1296292,22.2798684,,,114.1296292,22.2798684,log,sing,19,114.12962920000004,22.27986840000001,2.0,3,1.0,32.0,11.0,19.0
1637292806.0,,,114.1296292,22.2798684,,,114.1296292,22.2798684,log,sing,19,114.12962920000004,22.27986840000001,2.0,3,1.0,33.0,11.0,19.0
1637292866.0,,,114.1296292,22.2798684,,,114.1296292,22.2798684,log,sing,19,114.12962920000004,22.27986840000001,2.0,3,1.0,34.0,11.0,19.0
1637292926.0,,,114.1296292,22.2798684,,,114.1296292,22.2798684,log,sing,19,114.12962920000004,22.27986840000001,2.0,3,1.0,35.0,11.0,19.0
1637292986.0,,,114.1296292,22.2798684,,,114.1296292,22.2798684,log,sing,19,114.12962920000004,22.27986840000001,2.0,3,1.0,36.0,11.0,19.0
1637293046.0,,,114.1296292,22.2798684,,,114.1296292,22.2798684,log,sing,19,114.12962920000004,22.27986840000001,2.0,3,1.0,37.0,11.0,19.0
1637293106.0,,,114.1296292,22.2798684,,,114.1296292,22.2798684,log,sing,19,114.12962920000004,22.27986840000001,2.0,3,1.0,38.0,11.0,19.0
1637293166.0,,,114.1296292,22.2798684,,,114.1296292,22.2798684,log,sing,19,114.12962920000004,22.27986840000001,2.0,3,1.0,39.0,11.0,19.0
1637293226.0,,,114.1296292,22.2798684,,,114.1296292,22.2798684,log,sing,19,114.12962920000004,22.27986840000001,2.0,3,1.0,40.0,11.0,19.0
1637293286.0,,,114.1296292,22.2798684,,,114.1296292,22.2798684,log,sing,19,114.12962920000004,22.27986840000001,2.0,3,1.0,41.0,11.0,19.0
1637293346.0,,,114.1296292,22.2798684,,,114.1296292,22.2798684,log,sing,19,114.12962920000004,22.27986840000001,2.0,3,1.0,42.0,11.0,19.0
1637293406.0,,,114.1296292,22.2798684,,,114.1296292,22.2798684,log,sing,19,114.12962920000004,22.27986840000001,2.0,3,1.0,43.0,11.0,19.0
1637293466.0,,,114.1296292,22.2798684,,,114.1296292,22.2798684,log,sing,19,114.12962920000004,22.27986840000001,2.0,3,1.0,44.0,11.0,19.0
1637293526.0,,,114.1296292,22.2798684,,,114.1296292,22.2798684,log,sing,19,114.12962920000004,22.27986840000001,2.0,3,1.0,45.0,11.0,19.0
1637293586.0,,,114.1296292,22.2798684,,,114.1296292,22.2798684,log,sing,19,114.12962920000004,22.27986840000001,2.0,3,1.0,46.0,11.0,19.0
1637293647.0,,,114.1296292,22.2798684,,,114.1296292,22.2798684,log,sing,19,,,0.0,4,1.0,47.0,11.0,19.0
1637293707.0,,,114.1296292,22.2798684,,,114.1296292,22.2798684,log,sing,19,,,0.0,4,1.0,48.0,11.0,19.0
1637293767.0,,,114.1288861,22.2806829,,,114.1288861,22.2806829,log,sing,19,,,0.0,4,1.0,49.0,11.0,19.0
1637293827.0,,,114.1288861,22.2806829,,,114.1288861,22.2806829,log,sing,19,,,0.0,4,1.0,50.0,11.0,19.0
1637293887.0,,,114.1288861,22.2806829,,,114.1288861,22.2806829,log,sing,19,,,0.0,4,1.0,51.0,11.0,19.0
1637293947.0,,,114.1288861,22.2806829,,,114.1288861,22.2806829,log,sing,19,,,0.0,4,1.0,52.0,11.0,19.0
1637294007.0,,,114.1288861,22.2806829,,,114.1288861,22.2806829,log,sing,19,,,0.0,4,1.0,53.0,11.0,19.0
1637294067.0,,,114.1288861,22.2806829,,,114.1288861,22.2806829,log,sing,19,,,0.0,4,1.0,54.0,11.0,19.0
1637294127.0,,,114.1288861,22.2806829,,,114.1288861,22.2806829,log,sing,19,,,0.0,4,1.0,55.0,11.0,19.0
1637294187.0,,,114.1288861,22.2806829,,,114.1288861,22.2806829,log,sing,19,,,0.0,4,1.0,56.0,11.0,19.0
1637294247.0,,,114.1288861,22.2806829,,,114.1288861,22.2806829,log,sing,19,,,0.0,4,1.0,57.0,11.0,19.0
1637294307.0,,,114.1296292,22.2798684,,,114.1296292,22.2798684,log,sing,19,,,0.0,4,1.0,58.0,11.0,19.0
1637294367.0,,,114.1296292,22.2798684,,,114.1296292,22.2798684,log,sing,19,,,0.0,4,1.0,59.0,11.0,19.0
1637294427.0,,,114.1296292,22.2798684,,,114.1296292,22.2798684,log,sing,19,,,0.0,4,1.0,0.0,12.0,19.0
1637294487.0,,,114.1296292,22.2798684,,,114.1296292,22.2798684,log,sing,19,,,0.0,4,1.0,1.0,12.0,19.0
1637294547.0,,,114.1296292,22.2798684,,,114.1296292,22.2798684,log,sing,19,,,0.0,4,1.0,2.0,12.0,19.0
1637294608.0,,,114.1296292,22.2798684,,,114.1296292,22.2798684,log,sing,19,,,0.0,4,1.0,3.0,12.0,19.0
1637294668.0,,,114.1296292,22.2798684,,,114.1296292,22.2798684,log,sing,19,,,0.0,4,1.0,4.0,12.0,19.0
1637294728.0,,,114.1296292,22.2798684,,,114.1296292,22.2798684,log,sing,19,,,0.0,4,1.0,5.0,12.0,19.0
1637294788.0,,,114.1296292,22.2798684,,,114.1296292,22.2798684,log,sing,19,114.12962920000004,22.27986840000001,2.0,5,1.0,6.0,12.0,19.0
1637294848.0,,,114.1296292,22.2798684,,,114.1296292,22.2798684,log,sing,19,114.12962920000004,22.27986840000001,2.0,5,1.0,7.0,12.0,19.0
1637294908.0,,,114.1296292,22.2798684,,,114.1296292,22.2798684,log,sing,19,114.12962920000004,22.27986840000001,2.0,5,1.0,8.0,12.0,19.0
1637294972.0,,,114.1296292,22.2798684,,,114.1296292,22.2798684,log,sing,19,114.12962920000004,22.27986840000001,2.0,5,1.0,9.0,12.0,19.0
1637295033.0,,,114.1296292,22.2798684,,,114.1296292,22.2798684,log,sing,19,114.12962920000004,22.27986840000001,2.0,5,1.0,10.0,12.0,19.0
1637295093.0,,,114.1296292,22.2798684,,,114.1296292,22.2798684,log,sing,19,114.12962920000004,22.27986840000001,2.0,5,1.0,11.0,12.0,19.0
1637295153.0,,,114.1296292,22.2798684,,,114.1296292,22.2798684,log,sing,19,114.12962920000004,22.27986840000001,2.0,5,1.0,12.0,12.0,19.0
1637295213.0,,,114.1296292,22.2798684,,,114.1296292,22.2798684,log,sing,19,114.12962920000004,22.27986840000001,2.0,5,1.0,13.0,12.0,19.0
1637295273.0,,,114.1296292,22.2798684,,,114.1296292,22.2798684,log,sing,19,114.12962920000004,22.27986840000001,2.0,5,1.0,14.0,12.0,19.0
1637295333.0,,,114.1296292,22.2798684,,,114.1296292,22.2798684,log,sing,19,114.12962920000004,22.27986840000001,2.0,5,1.0,15.0,12.0,19.0
1637295393.0,,,114.1296292,22.2798684,,,114.1296292,22.2798684,log,sing,19,,,0.0,6,1.0,16.0,12.0,19.0
1637295453.0,,,114.1296292,22.2798684,,,114.1296292,22.2798684,log,sing,19,,,0.0,6,1.0,17.0,12.0,19.0
1637295513.0,,,114.1296292,22.2798684,,,114.1296292,22.2798684,log,sing,19,,,0.0,6,1.0,18.0,12.0,19.0
1637295573.0,,,114.1296292,22.2798684,,,114.1296292,22.2798684,log,sing,19,,,0.0,6,1.0,19.0,12.0,19.0
1637295633.0,,,114.1292576,22.2806829,,,114.1292576,22.2806829,log,sing,19,,,0.0,6,1.0,20.0,12.0,19.0
1637295693.0,,,114.1288861,22.2820784,,,114.1288861,22.2820784,log,sing,19,,,0.0,6,1.0,21.0,12.0,19.0
1637295753.0,,,114.1288861,22.2820784,,,114.1288861,22.2820784,log,sing,19,,,0.0,6,1.0,22.0,12.0,19.0
1637295813.0,,,114.1288861,22.2824857,,,114.1288861,22.2824857,log,sing,19,,,0.0,6,1.0,23.0,12.0,19.0
1637295873.0,,,114.1292576,22.2830666,,,114.1292576,22.2830666,log,sing,19,,,0.0,6,1.0,24.0,12.0,19.0
1637295933.0,,,114.1303724,22.282601,,,114.1303724,22.282601,log,sing,19,,,0.0,6,1.0,25.0,12.0,19.0
1637295993.0,,,114.130744,22.2838796,,,114.130744,22.2838796,log,sing,19,,,0.0,6,1.0,26.0,12.0,19.0
1637296054.0,,,114.1318588,22.2857976,,,114.1318588,22.2857976,log,sing,19,,,0.0,6,1.0,27.0,12.0,19.0
1637296114.0,,,114.1318588,22.2857976,,,114.1318588,22.2857976,log,sing,19,,,0.0,6,1.0,28.0,12.0,19.0
1637296162.0,,,114.1300008,22.2829498,,,114.1300008,22.2829498,log,sing,19,,,0.0,6,1.0,29.0,12.0,19.0
1637296222.0,,,114.1292576,22.2829498,,,114.1292576,22.2829498,log,sing,19,,,0.0,6,1.0,30.0,12.0,19.0
1637296282.0,,,114.1285145,22.2821368,,,114.1285145,22.2821368,log,sing,19,,,0.0,6,1.0,31.0,12.0,19.0
1637296342.0,,,114.1292576,22.2823689,,,114.1292576,22.2823689,log,sing,19,,,0.0,6,1.0,32.0,12.0,19.0
1637296402.0,,,114.1292576,22.2823689,,,114.1292576,22.2823689,log,sing,19,,,0.0,6,1.0,33.0,12.0,19.0
1637296462.0,,,114.1292576,22.2823689,,,114.1292576,22.2823689,log,sing,19,,,0.0,6,1.0,34.0,12.0,19.0
1637296523.0,,,114.1292576,22.2823689,,,114.1292576,22.2823689,log,sing,19,,,0.0,6,1.0,35.0,12.0,19.0
1637296583.0,,,114.1292576,22.2823689,,,114.1292576,22.2823689,log,sing,19,114.129452968714,22.282355397402668,1.0,7,1.0,36.0,12.0,19.0
1637296643.0,,,114.1292576,22.2823689,,,114.1292576,22.2823689,log,sing,19,114.129452968714,22.282355397402668,1.0,7,1.0,37.0,12.0,19.0
1637296703.0,,,114.1292576,22.2823689,,,114.1292576,22.2823689,log,sing,19,114.129452968714,22.282355397402668,1.0,7,1.0,38.0,12.0,19.0
1637296764.0,,,114.1292576,22.2823689,,,114.1292576,22.2823689,log,sing,19,114.129452968714,22.282355397402668,1.0,7,1.0,39.0,12.0,19.0
1637296824.0,,,114.1292576,22.2823689,,,114.1292576,22.2823689,log,sing,19,114.129452968714,22.282355397402668,1.0,7,1.0,40.0,12.0,19.0
1637296884.0,,,114.1292576,22.2823689,,,114.1292576,22.2823689,log,sing,19,114.129452968714,22.282355397402668,1.0,7,1.0,41.0,12.0,19.0
1637296944.0,,,114.1292576,22.2823689,,,114.1292576,22.2823689,log,sing,19,114.129452968714,22.282355397402668,1.0,7,1.0,42.0,12.0,19.0
1637297012.5,,,114.1292576,22.2823689,,,114.1292576,22.2823689,log,sing,19,114.129452968714,22.282355397402668,1.0,7,1.0,43.0,12.0,19.0
1637297079.0,,,114.1292576,22.2823689,,,114.1292576,22.2823689,log,sing,19,114.129452968714,22.282355397402668,1.0,7,1.0,44.0,12.0,19.0
1637297137.0,,,114.1292576,22.2823689,,,114.1292576,22.2823689,log,sing,19,114.129452968714,22.282355397402668,1.0,7,1.0,45.0,12.0,19.0
1637297198.0,,,114.1292576,22.2823689,,,114.1292576,22.2823689,log,sing,19,114.129452968714,22.282355397402668,1.0,7,1.0,46.0,12.0,19.0
1637297258.0,,,114.1292576,22.2823689,,,114.1292576,22.2823689,log,sing,19,114.129452968714,22.282355397402668,1.0,7,1.0,47.0,12.0,19.0
1637297318.0,,,114.1292576,22.2823689,,,114.1292576,22.2823689,log,sing,19,114.129452968714,22.282355397402668,1.0,7,1.0,48.0,12.0,19.0
1637297379.0,,,114.1292576,22.2823689,,,114.1292576,22.2823689,log,sing,19,114.129452968714,22.282355397402668,1.0,7,1.0,49.0,12.0,19.0
1637297439.0,,,114.1292576,22.2823689,,,114.1292576,22.2823689,log,sing,19,114.129452968714,22.282355397402668,1.0,7,1.0,50.0,12.0,19.0
1637297499.0,,,114.1292576,22.2823689,,,114.1292576,22.2823689,log,sing,19,114.129452968714,22.282355397402668,1.0,7,1.0,51.0,12.0,19.0
1637297559.0,,,114.1292576,22.2823689,,,114.1292576,22.2823689,log,sing,19,114.129452968714,22.282355397402668,1.0,7,1.0,52.0,12.0,19.0
1637297609.5,,,114.1292576,22.2823689,,,114.1292576,22.2823689,log,sing,19,114.129452968714,22.282355397402668,1.0,7,1.0,53.0,12.0,19.0
1637297660.0,,,114.1292576,22.2823689,,,114.1292576,22.2823689,log,sing,19,114.129452968714,22.282355397402668,1.0,7,1.0,54.0,12.0,19.0
1637297720.0,,,114.1292576,22.2823689,,,114.1292576,22.2823689,log,sing,19,114.129452968714,22.282355397402668,1.0,7,1.0,55.0,12.0,19.0
1637297780.0,,,114.1292576,22.2823689,,,114.1292576,22.2823689,log,sing,19,114.129452968714,22.282355397402668,1.0,7,1.0,56.0,12.0,19.0
1637297850.5,,,114.1292576,22.2823689,,,114.1292576,22.2823689,log,sing,19,114.129452968714,22.282355397402668,1.0,7,1.0,57.0,12.0,19.0
1637297914.0,,,114.1292576,22.2823689,,,114.1292576,22.2823689,log,sing,19,114.129452968714,22.282355397402668,1.0,7,1.0,58.0,12.0,19.0
1637297975.0,,,114.1292576,22.2823689,,,114.1292576,22.2823689,log,sing,19,114.129452968714,22.282355397402668,1.0,7,1.0,59.0,12.0,19.0
1637298035.0,,,114.1292576,22.2823689,,,114.1292576,22.2823689,log,sing,19,114.129452968714,22.282355397402668,1.0,7,1.0,0.0,13.0,19.0
1637298095.0,,,114.1292576,22.2823689,,,114.1292576,22.2823689,log,sing,19,114.129452968714,22.282355397402668,1.0,7,1.0,1.0,13.0,19.0
1637298155.0,,,114.1292576,22.2823689,,,114.1292576,22.2823689,log,sing,19,114.129452968714,22.282355397402668,1.0,7,1.0,2.0,13.0,19.0
1637298215.0,,,114.1292576,22.2823689,,,114.1292576,22.2823689,log,sing,19,114.129452968714,22.282355397402668,1.0,7,1.0,3.0,13.0,19.0
1637298275.0,,,114.1292576,22.2823689,,,114.1292576,22.2823689,log,sing,19,114.129452968714,22.282355397402668,1.0,7,1.0,4.0,13.0,19.0
1637298335.0,,,114.1292576,22.2823689,,,114.1292576,22.2823689,log,sing,19,114.129452968714,22.282355397402668,1.0,7,1.0,5.0,13.0,19.0
1637298395.0,,,114.1292576,22.2823689,,,114.1292576,22.2823689,log,sing,19,114.129452968714,22.282355397402668,1.0,7,1.0,6.0,13.0,19.0
1637298455.0,,,114.1292576,22.2823689,,,114.1292576,22.2823689,log,sing,19,114.129452968714,22.282355397402668,1.0,7,1.0,7.0,13.0,19.0
1637298515.0,,,114.1292576,22.2823689,,,114.1292576,22.2823689,log,sing,19,114.129452968714,22.282355397402668,1.0,7,1.0,8.0,13.0,19.0
1637298575.0,,,114.1292576,22.2823689,,,114.1292576,22.2823689,log,sing,19,114.129452968714,22.282355397402668,1.0,7,1.0,9.0,13.0,19.0
1637298620.5,,,114.1292576,22.2823689,,,114.1292576,22.2823689,log,sing,19,114.129452968714,22.282355397402668,1.0,7,1.0,10.0,13.0,19.0
1637298694.0,,,114.1292576,22.2823689,,,114.1292576,22.2823689,log,sing,19,114.129452968714,22.282355397402668,1.0,7,1.0,11.0,13.0,19.0
1637298740.0,,,114.1292576,22.2823689,,,114.1292576,22.2823689,log,sing,19,114.129452968714,22.282355397402668,1.0,7,1.0,12.0,13.0,19.0
1637298800.0,,,114.1292576,22.2823689,,,114.1292576,22.2823689,log,sing,19,114.129452968714,22.282355397402668,1.0,7,1.0,13.0,13.0,19.0
1637298860.0,,,114.1292576,22.2823689,,,114.1292576,22.2823689,log,sing,19,114.129452968714,22.282355397402668,1.0,7,1.0,14.0,13.0,19.0
1637298923.0,,,114.1292576,22.2823689,,,114.1292576,22.2823689,log,sing,19,114.129452968714,22.282355397402668,1.0,7,1.0,15.0,13.0,19.0
1637298992.0,,,114.1292576,22.28202,,,114.1292576,22.28202,log,sing,19,,,0.0,8,1.0,16.0,13.0,19.0
1637299042.0,,,114.1294434,22.28219445,114.1294808,22.282186,114.1294808,22.282186,log,sing,19,,,0.0,8,1.0,17.0,13.0,19.0
1637299102.0,,,114.1292576,22.2820492,114.128939,22.2820601,114.1292576,22.2820601,log,sing,19,,,0.0,8,1.0,18.0,13.0,19.0
1637299163.0,,,114.1288861,22.2820784,114.1288899,22.2820893,114.1288861,22.2820784,log,sing,19,,,0.0,8,1.0,19.0,13.0,19.0
1637299223.0,,,114.1292576,22.28202,114.1290787,22.2820486,114.1292576,22.28202,log,sing,19,,,0.0,8,1.0,20.0,13.0,19.0
1637299284.0,,,114.1294434,22.28216525,114.1294455,22.2821592,114.1294455,22.2821592,log,sing,19,,,0.0,8,1.0,21.0,13.0,19.0
1637299344.0,,,114.1292576,22.28202,114.1291792,22.2820294,114.1292576,22.28202,log,sing,19,,,0.0,8,1.0,22.0,13.0,19.0
1637299405.0,,,114.1292576,22.28202,114.1292648,22.2820137,114.1292576,22.28202,log,sing,19,,,0.0,8,1.0,23.0,13.0,19.0
1637299466.0,,,114.1292576,22.28202,114.1292576,22.2820202,114.1292576,22.28202,air,sing,19,,,0.0,8,1.0,24.0,13.0,19.0
1637299527.0,,,114.1294434,22.28219445,114.1293524,22.2820941,114.1293524,22.2820941,air,sing,19,,,0.0,8,1.0,25.0,13.0,19.0
1637299582.0,,,114.1292576,22.28202,114.1290744,22.2821162,114.1292576,22.28202,log,sing,19,,,0.0,8,1.0,26.0,13.0,19.0
1637299643.0,,,114.1292576,22.28202,114.1293082,22.2820509,114.1292576,22.28202,air,sing,19,,,0.0,8,1.0,27.0,13.0,19.0
1637299703.0,,,114.1296292,22.2823105,114.1292577,22.2820201,114.1296292,22.2823105,air,sing,19,,,0.0,8,1.0,28.0,13.0,19.0
1637299764.0,,,114.1292576,22.28202,114.1294582,22.2821768,114.1292576,22.28202,log,sing,19,,,0.0,8,1.0,29.0,13.0,19.0
1637299825.0,,,114.1292576,22.28202,114.1292525,22.282016,114.1292576,22.28202,air,sing,19,,,0.0,8,1.0,30.0,13.0,19.0
1637299885.0,,,114.1292576,22.28202,114.1292569,22.2820195,114.1292576,22.28202,air,sing,19,,,0.0,8,1.0,31.0,13.0,19.0
1637299946.0,,,114.1292576,22.28202,114.1292613,22.2820174,114.1292576,22.28202,air,sing,19,,,0.0,8,1.0,32.0,13.0,19.0
1637300007.0,,,114.1296292,22.2823105,114.1292563,22.282019,114.1296292,22.2823105,air,sing,19,,,0.0,8,1.0,33.0,13.0,19.0
1637300068.0,,,114.1292576,22.2820784,114.1296782,22.2823478,114.1292576,22.2820784,log,sing,19,,,0.0,8,1.0,34.0,13.0,19.0
1637300128.0,,,114.1288861,22.2820784,114.1288444,22.2820599,114.1288861,22.2820784,air,sing,19,,,0.0,8,1.0,35.0,13.0,19.0
1637300189.0,,,114.1292576,22.28202,114.1291201,22.2820597,114.1292576,22.28202,air,sing,19,,,0.0,8,1.0,36.0,13.0,19.0
1637300245.0,,,114.1292576,22.28202,114.1293405,22.2820798,114.1292576,22.28202,air,sing,19,,,0.0,8,1.0,37.0,13.0,19.0
1637300305.0,,,114.1292576,22.28202,114.1292568,22.2820194,114.1292576,22.28202,air,multi,19,,,0.0,8,1.0,38.0,13.0,19.0
1637300361.0,,,114.1292576,22.28202,114.1292643,22.2820176,114.1292576,22.28202,air,sing,19,,,0.0,8,1.0,39.0,13.0,19.0
1637300422.0,,,114.1288861,22.2820784,114.1290224,22.2820539,114.1288861,22.2820784,log,sing,19,,,0.0,8,1.0,40.0,13.0,19.0
1637300482.0,,,114.1292576,22.2823689,114.1291496,22.2820371,114.1292576,22.2823689,air,sing,19,,,0.0,8,1.0,41.0,13.0,19.0
1637300543.0,,,114.1292576,22.2823689,114.129517,22.2824913,114.1292576,22.2823689,log,sing,19,,,0.0,8,1.0,42.0,13.0,19.0
1637300604.0,,,114.1294434,22.28251415,114.1294892,22.2825713,114.1294892,22.2825713,air,sing,19,,,0.0,8,1.0,43.0,13.0,19.0
1637300664.0,,,114.1292576,22.2823689,114.1293941,22.2824747,114.1292576,22.2823689,log,sing,19,,,0.0,8,1.0,44.0,13.0,19.0
1637300725.0,,,114.1292576,22.2823689,114.1292489,22.2823618,114.1292576,22.2823689,air,sing,19,114.129452968714,22.282355397402668,0.0,8,1.0,45.0,13.0,19.0
1637300786.0,,,114.1294434,22.28251415,114.1292473,22.2823609,114.1292576,22.2823689,air,sing,19,114.129452968714,22.282355397402668,1.0,9,1.0,46.0,13.0,19.0
1637300846.0,,,114.1294434,22.28251415,114.1294468,22.2825168,114.1294468,22.2825168,log,sing,19,114.129452968714,22.282355397402668,1.0,9,1.0,47.0,13.0,19.0
1637300907.0,,,114.1294434,22.28251415,114.1295209,22.2825747,114.1295209,22.2825747,log,sing,19,114.129452968714,22.282355397402668,1.0,9,1.0,48.0,13.0,19.0
1637300968.0,,,114.1294434,22.28251415,114.1292957,22.2823987,114.1292957,22.2823987,log,sing,19,114.129452968714,22.282355397402668,1.0,9,1.0,49.0,13.0,19.0
1637301028.0,,,114.1292576,22.2823689,114.129517,22.2825717,114.1292576,22.2823689,log,sing,19,114.129452968714,22.282355397402668,1.0,9,1.0,50.0,13.0,19.0
1637301089.0,,,114.1296292,22.2826594,114.1293732,22.2824593,114.1296292,22.2826594,log,sing,19,114.129452968714,22.282355397402668,1.0,9,1.0,51.0,13.0,19.0
1637301144.0,,,114.1296292,22.2826594,114.1295248,22.2825778,114.1296292,22.2826594,log,sing,19,114.129452968714,22.282355397402668,1.0,9,1.0,52.0,13.0,19.0
1637301205.0,,,114.1292576,22.2823689,114.1295439,22.2825928,114.1292576,22.2823689,log,sing,19,114.129452968714,22.282355397402668,1.0,9,1.0,53.0,13.0,19.0
1637301261.0,,,114.1292576,22.2823689,114.1292143,22.282335,114.1292576,22.2823689,log,sing,19,114.129452968714,22.282355397402668,1.0,9,1.0,54.0,13.0,19.0
1637301322.0,,,114.1292576,22.2823689,114.1292706,22.2823791,114.1292576,22.2823689,log,sing,19,114.129452968714,22.282355397402668,1.0,9,1.0,55.0,13.0,19.0
1637301382.0,,,114.1292576,22.2823689,114.1292505,22.2823633,114.1292576,22.2823689,air,sing,19,114.129452968714,22.282355397402668,1.0,9,1.0,56.0,13.0,19.0
1637301443.0,,,114.1292576,22.2823689,114.1292582,22.2823694,114.1292576,22.2823689,air,sing,19,114.129452968714,22.282355397402668,1.0,9,1.0,57.0,13.0,19.0
1637301488.0,,,114.1292576,22.2823689,114.1292576,22.2823689,114.1292576,22.2823689,air,sing,19,114.129452968714,22.282355397402668,1.0,9,1.0,58.0,13.0,19.0
1637301540.0,,,,,114.1292576,22.2823689,114.1292576,22.2823689,air,sing,19,114.129452968714,22.282355397402668,1.0,9,1.0,59.0,13.0,19.0
1637301600.0,,,,,114.1292576,22.2823689,114.1292576,22.2823689,air,sing,19,114.129452968714,22.282355397402668,1.0,9,1.0,0.0,14.0,19.0
1637301660.0,,,,,114.1292576,22.2823689,114.1292576,22.2823689,air,sing,19,114.129452968714,22.282355397402668,1.0,9,1.0,1.0,14.0,19.0
1637301720.0,,,,,114.1292576,22.2823689,114.1292576,22.2823689,air,sing,19,114.129452968714,22.282355397402668,1.0,9,1.0,2.0,14.0,19.0
1637301780.0,,,,,114.1292576,22.2823689,114.1292576,22.2823689,air,sing,19,114.129452968714,22.282355397402668,1.0,9,1.0,3.0,14.0,19.0
1637301840.0,,,,,114.1292576,22.2823689,114.1292576,22.2823689,air,sing,19,114.129452968714,22.282355397402668,1.0,9,1.0,4.0,14.0,19.0
1637301900.0,,,,,114.1292576,22.2823689,114.1292576,22.2823689,air,sing,19,114.129452968714,22.282355397402668,1.0,9,1.0,5.0,14.0,19.0
1637301960.0,,,,,114.1292576,22.2823689,114.1292576,22.2823689,air,sing,19,114.129452968714,22.282355397402668,1.0,9,1.0,6.0,14.0,19.0
1637302020.0,,,,,114.1292576,22.2823689,114.1292576,22.2823689,air,sing,19,114.129452968714,22.282355397402668,1.0,9,1.0,7.0,14.0,19.0
1637302080.0,,,,,114.1292576,22.2823689,114.1292576,22.2823689,air,sing,19,114.129452968714,22.282355397402668,1.0,9,1.0,8.0,14.0,19.0
1637302140.0,,,,,114.1292576,22.2823689,114.1292576,22.2823689,air,sing,19,114.129452968714,22.282355397402668,1.0,9,1.0,9.0,14.0,19.0
1637302200.0,,,,,114.1292576,22.2823689,114.1292576,22.2823689,air,sing,19,114.129452968714,22.282355397402668,1.0,9,1.0,10.0,14.0,19.0
1637302260.0,,,,,114.1292576,22.2823689,114.1292576,22.2823689,air,sing,19,114.129452968714,22.282355397402668,1.0,9,1.0,11.0,14.0,19.0
1637302320.0,,,,,114.1292576,22.2823689,114.1292576,22.2823689,air,sing,19,114.129452968714,22.282355397402668,1.0,9,1.0,12.0,14.0,19.0
1637302380.0,,,,,114.1292576,22.2823689,114.1292576,22.2823689,air,sing,19,114.129452968714,22.282355397402668,1.0,9,1.0,13.0,14.0,19.0
1637302440.0,,,,,114.1292576,22.2823689,114.1292576,22.2823689,air,sing,19,114.129452968714,22.282355397402668,1.0,9,1.0,14.0,14.0,19.0
1637302500.0,,,,,114.1292576,22.2823689,114.1292576,22.2823689,air,sing,19,114.129452968714,22.282355397402668,1.0,9,1.0,15.0,14.0,19.0
1637302560.0,,,,,114.1292576,22.2823689,114.1292576,22.2823689,air,sing,19,114.129452968714,22.282355397402668,1.0,9,1.0,16.0,14.0,19.0
1637302620.0,,,,,114.1292576,22.2823689,114.1292576,22.2823689,air,sing,19,114.129452968714,22.282355397402668,1.0,9,1.0,17.0,14.0,19.0
1637302680.0,,,,,114.1292576,22.2823689,114.1292576,22.2823689,air,sing,19,114.129452968714,22.282355397402668,1.0,9,1.0,18.0,14.0,19.0
1637302778.0,,,114.1292576,22.2823689,114.1292576,22.2823689,114.1292576,22.2823689,air,sing,19,114.129452968714,22.282355397402668,1.0,9,1.0,19.0,14.0,19.0
1637302828.0,,,114.1292576,22.2823689,114.1292576,22.2823689,114.1292576,22.2823689,air,sing,19,114.129452968714,22.282355397402668,1.0,9,1.0,20.0,14.0,19.0
1637302889.0,,,114.1292576,22.2823689,114.1292576,22.2823689,114.1292576,22.2823689,air,sing,19,114.129452968714,22.282355397402668,1.0,9,1.0,21.0,14.0,19.0
1637302944.0,,,114.1292576,22.2823689,114.1293784,22.2824633,114.1292576,22.2823689,log,sing,19,114.129452968714,22.282355397402668,1.0,9,1.0,22.0,14.0,19.0
1637303005.0,,,114.1292576,22.2823689,114.1293664,22.2824539,114.1292576,22.2823689,log,sing,19,114.129452968714,22.282355397402668,1.0,9,1.0,23.0,14.0,19.0
1637303066.0,,,114.1292576,22.2823689,114.1293592,22.2824483,114.1292576,22.2823689,log,sing,19,114.129452968714,22.282355397402668,1.0,9,1.0,24.0,14.0,19.0
1637303121.0,,,114.1292576,22.2823689,114.1292482,22.2823616,114.1292576,22.2823689,air,sing,19,114.129452968714,22.282355397402668,1.0,9,1.0,25.0,14.0,19.0
1637303182.0,,,114.1292576,22.2823689,114.1292574,22.2823687,114.1292576,22.2823689,air,sing,19,114.129452968714,22.282355397402668,1.0,9,1.0,26.0,14.0,19.0
1637303243.0,,,114.1292576,22.2823689,114.1292578,22.282369,114.1292576,22.2823689,air,sing,19,114.129452968714,22.282355397402668,1.0,9,1.0,27.0,14.0,19.0
1637303303.0,,,114.1292576,22.2823689,114.1292576,22.2823689,114.1292576,22.2823689,air,sing,19,114.129452968714,22.282355397402668,1.0,9,1.0,28.0,14.0,19.0
1637303364.0,,,114.1292576,22.2823689,114.1292891,22.2823935,114.1292576,22.2823689,log,sing,19,114.129452968714,22.282355397402668,1.0,9,1.0,29.0,14.0,19.0
1637303424.0,,,114.1292576,22.2823689,114.1294388,22.2825106,114.1292576,22.2823689,air,sing,19,114.129452968714,22.282355397402668,1.0,9,1.0,30.0,14.0,19.0
1637303485.0,,,114.1294434,22.28251415,114.1292406,22.2823556,114.1292576,22.2823689,air,sing,19,114.129452968714,22.282355397402668,1.0,9,1.0,31.0,14.0,19.0
1637303546.0,,,114.1292576,22.2823689,114.1294405,22.2825119,114.1292576,22.2823689,air,sing,19,114.129452968714,22.282355397402668,1.0,9,1.0,32.0,14.0,19.0
1637303607.0,,,114.1292576,22.2823689,114.1292404,22.2823555,114.1292576,22.2823689,air,sing,19,114.129452968714,22.282355397402668,1.0,9,1.0,33.0,14.0,19.0
1637303667.0,,,114.1292576,22.2823689,114.1292575,22.2823688,114.1292576,22.2823689,air,sing,19,114.129452968714,22.282355397402668,1.0,9,1.0,34.0,14.0,19.0
1637303728.0,,,114.1292576,22.2823689,114.1292579,22.2823691,114.1292576,22.2823689,air,sing,19,114.129452968714,22.282355397402668,1.0,9,1.0,35.0,14.0,19.0
1637303789.0,,,114.1294434,22.2823689,114.1292576,22.2823689,114.1292576,22.2823689,air,sing,19,114.129452968714,22.282355397402668,1.0,9,1.0,36.0,14.0,19.0
1637303849.0,,,114.1292576,22.2823689,114.1293857,22.2824623,114.1292576,22.2823689,log,sing,19,114.129452968714,22.282355397402668,1.0,9,1.0,37.0,14.0,19.0
1637303905.0,,,114.1296292,22.2826594,114.1293062,22.2824111,114.12946769999999,22.282535250000002,log,sing,19,114.129452968714,22.282355397402668,1.0,9,1.0,38.0,14.0,19.0
1637303965.0,,,114.1296292,22.2826594,114.1296646,22.2826867,114.1296292,22.2826594,log,sing,19,114.129452968714,22.282355397402668,1.0,9,1.0,39.0,14.0,19.0
1637304021.0,,,114.1296292,22.2826594,114.1296453,22.2826719,114.1296292,22.2826594,log,sing,19,114.129452968714,22.282355397402668,1.0,9,1.0,40.0,14.0,19.0
1637304082.0,,,114.1292576,22.2823689,114.1293267,22.2824229,114.1292576,22.2823689,log,sing,19,114.129452968714,22.282355397402668,1.0,9,1.0,41.0,14.0,19.0
1637304142.0,,,114.1292576,22.2823689,114.1292289,22.2823465,114.1292576,22.2823689,log,sing,19,114.129452968714,22.282355397402668,1.0,9,1.0,42.0,14.0,19.0
1637304203.0,,,114.1292576,22.2823689,114.1295547,22.2826011,114.1292576,22.2823689,log,sing,19,114.129452968714,22.282355397402668,1.0,9,1.0,43.0,14.0,19.0
1637304265.5,,,114.1292576,22.2823689,114.1292374,22.2823531,114.1292576,22.2823689,log,sing,19,114.129452968714,22.282355397402668,1.0,9,1.0,44.0,14.0,19.0
1637304324.0,,,114.1292576,22.2823689,114.1292625,22.2823727,114.1292576,22.2823689,air,sing,19,114.129452968714,22.282355397402668,1.0,9,1.0,45.0,14.0,19.0
1637304385.0,,,114.1292576,22.2823689,114.1292531,22.2823654,114.1292576,22.2823689,air,multi,19,114.129452968714,22.282355397402668,1.0,9,1.0,46.0,14.0,19.0
1637304445.5,,,114.1292576,22.2823689,114.129258,22.2823692,114.1292576,22.2823689,air,multi,19,114.129452968714,22.282355397402668,1.0,9,1.0,47.0,14.0,19.0
1637304506.0,,,114.1292576,22.2823689,114.1293417,22.2824347,114.1292576,22.2823689,log,sing,19,114.129452968714,22.282355397402668,1.0,9,1.0,48.0,14.0,19.0
1637304567.0,,,114.1296292,22.2826594,114.1292526,22.282365,114.1296292,22.2826594,air,sing,19,114.129452968714,22.282355397402668,1.0,9,1.0,49.0,14.0,19.0
1637304628.0,,,114.1292576,22.2823689,114.1294704,22.2825353,114.1292576,22.2823689,log,sing,19,114.129452968714,22.282355397402668,1.0,9,1.0,50.0,14.0,19.0
1637304688.0,,,114.1296292,22.2826594,114.1292477,22.2823612,114.1296292,22.2826594,log,sing,19,114.129452968714,22.282355397402668,1.0,9,1.0,51.0,14.0,19.0
1637304749.0,,,114.1296292,22.2826594,114.1294532,22.2825218,114.1296292,22.2826594,log,sing,19,114.129452968714,22.282355397402668,1.0,9,1.0,52.0,14.0,19.0
1637304804.0,,,114.1292576,22.2823689,114.1295436,22.2825925,114.1292576,22.2823689,log,sing,19,114.129452968714,22.282355397402668,1.0,9,1.0,53.0,14.0,19.0
1637304865.0,,,114.1292576,22.2823689,114.1292101,22.2823318,114.1292576,22.2823689,log,sing,19,114.129452968714,22.282355397402668,1.0,9,1.0,54.0,14.0,19.0
1637304926.0,,,114.1292576,22.2823689,114.1292774,22.2823844,114.1292576,22.2823689,log,sing,19,114.129452968714,22.282355397402668,1.0,9,1.0,55.0,14.0,19.0
1637304981.0,,,114.1292576,22.2823689,114.1292546,22.2823665,114.1292576,22.2823689,air,sing,19,114.129452968714,22.282355397402668,1.0,9,1.0,56.0,14.0,19.0
1637305042.0,,,114.1292576,22.2823689,114.1292604,22.2823711,114.1292576,22.2823689,air,sing,19,114.129452968714,22.282355397402668,1.0,9,1.0,57.0,14.0,19.0
1637305103.0,,,114.1292576,22.2823689,114.1292557,22.2823674,114.1292576,22.2823689,air,sing,19,114.129452968714,22.282355397402668,1.0,9,1.0,58.0,14.0,19.0
1637305163.0,,,114.1296292,22.2826594,114.1292578,22.2823691,114.1296292,22.2826594,air,sing,19,114.129452968714,22.282355397402668,1.0,9,1.0,59.0,14.0,19.0
1637305224.0,,,114.1292576,22.2823689,114.1294504,22.2825196,114.1292576,22.2823689,log,sing,19,114.129452968714,22.282355397402668,1.0,9,1.0,0.0,15.0,19.0
1637305284.0,,,114.1292576,22.2823689,114.1293218,22.2824191,114.1292576,22.2823689,log,sing,19,114.129452968714,22.282355397402668,1.0,9,1.0,1.0,15.0,19.0
1637305345.0,,,114.1296292,22.2826594,114.1295383,22.2825883,114.1296292,22.2826594,log,sing,19,114.129452968714,22.282355397402668,1.0,9,1.0,2.0,15.0,19.0
1637305406.0,,,114.1296292,22.2826594,114.1296711,22.2826922,114.1296292,22.2826594,log,sing,19,114.129452968714,22.282355397402668,1.0,9,1.0,3.0,15.0,19.0
1637305467.0,,,114.1296292,22.2826594,114.1296272,22.2826578,114.1296292,22.2826594,air,sing,19,114.129452968714,22.282355397402668,1.0,9,1.0,4.0,15.0,19.0
1637305527.0,,,114.1296292,22.2826594,114.1296285,22.2826588,114.1296292,22.2826594,air,sing,19,114.129452968714,22.282355397402668,1.0,9,1.0,5.0,15.0,19.0
1637305588.0,,,114.1296292,22.2826594,114.1294492,22.2825187,114.1296292,22.2826594,air,sing,19,114.129452968714,22.282355397402668,1.0,9,1.0,6.0,15.0,19.0
1637305643.0,,,114.1296292,22.2826594,114.1296574,22.2826814,114.1296292,22.2826594,log,sing,19,114.129452968714,22.282355397402668,1.0,9,1.0,7.0,15.0,19.0
1637305705.0,,,114.1296292,22.2826594,114.1296322,22.2826617,114.1296292,22.2826594,log,sing,19,114.129452968714,22.282355397402668,1.0,9,1.0,8.0,15.0,19.0
1637305766.0,,,114.1292576,22.2823689,114.1296325,22.282662,114.1292576,22.2823689,log,sing,19,114.129452968714,22.282355397402668,1.0,9,1.0,9.0,15.0,19.0
1637305826.0,,,114.1294434,22.28251415,114.1293606,22.2824494,114.1293606,22.2824494,air,sing,19,114.129452968714,22.282355397402668,1.0,9,1.0,10.0,15.0,19.0
1637305887.0,,,114.1292576,22.2823689,114.1293405,22.2824337,114.1292576,22.2823689,air,sing,19,114.129452968714,22.282355397402668,1.0,9,1.0,11.0,15.0,19.0
1637305948.0,,,114.1292576,22.2823689,114.1293322,22.2824272,114.1292576,22.2823689,air,sing,19,114.129452968714,22.282355397402668,1.0,9,1.0,12.0,15.0,19.0
1637306008.0,,,114.1292576,22.2823689,114.1292978,22.2824004,114.1292576,22.2823689,log,sing,19,114.129452968714,22.282355397402668,1.0,9,1.0,13.0,15.0,19.0
1637306069.0,,,114.1294434,22.28251415,114.1293363,22.2824304,114.1293363,22.2824304,air,sing,19,114.129452968714,22.282355397402668,1.0,9,1.0,14.0,15.0,19.0
1637306125.0,,,114.1292576,22.2823689,114.129624,22.2826553,114.1294408,22.282512099999998,log,sing,19,114.129452968714,22.282355397402668,1.0,9,1.0,15.0,15.0,19.0
1637306185.0,,,114.1292576,22.2823689,114.1293423,22.2824351,114.1292576,22.2823689,air,multi,19,114.129452968714,22.282355397402668,1.0,9,1.0,16.0,15.0,19.0
1637306241.0,,,114.1292576,22.2823689,114.1292788,22.2823854,114.1292576,22.2823689,log,sing,19,114.129452968714,22.282355397402668,1.0,9,1.0,17.0,15.0,19.0
1637306302.0,,,114.1296292,22.2826594,114.1295533,22.2826001,114.1296292,22.2826594,log,sing,19,114.129452968714,22.282355397402668,1.0,9,1.0,18.0,15.0,19.0
1637306362.0,,,114.1292576,22.2823689,114.1293366,22.2824307,114.1292576,22.2823689,air,sing,19,114.129452968714,22.282355397402668,1.0,9,1.0,19.0,15.0,19.0
1637306423.0,,,114.1294434,22.28251415,114.1294399,22.2825114,114.1294399,22.2825114,air,sing,19,114.129452968714,22.282355397402668,1.0,9,1.0,20.0,15.0,19.0
1637306484.0,,,114.1296292,22.2826594,114.1294365,22.2825087,114.1296292,22.2826594,air,sing,19,114.129452968714,22.282355397402668,1.0,9,1.0,21.0,15.0,19.0
1637306544.0,,,114.1292576,22.2823689,114.1293444,22.2824368,114.1292576,22.2823689,air,sing,19,114.129452968714,22.282355397402668,1.0,9,1.0,22.0,15.0,19.0
1637306605.0,,,114.1296292,22.2826594,114.1293346,22.2824291,114.1296292,22.2826594,air,sing,19,114.129452968714,22.282355397402668,1.0,9,1.0,23.0,15.0,19.0
1637306666.0,,,114.1292576,22.2823689,114.1295534,22.2826001,114.1292576,22.2823689,log,sing,19,114.129452968714,22.282355397402668,1.0,9,1.0,24.0,15.0,19.0
1637306726.0,,,114.1292576,22.2823689,114.129282,22.282388,114.1292576,22.2823689,log,sing,19,114.129452968714,22.282355397402668,1.0,9,1.0,25.0,15.0,19.0
1637306787.0,,,114.1292576,22.2823689,114.1292947,22.2823979,114.1292576,22.2823689,log,sing,19,114.129452968714,22.282355397402668,1.0,9,1.0,26.0,15.0,19.0
1637306847.0,,,114.1292576,22.2823689,114.1293246,22.2824213,114.1292576,22.2823689,log,sing,19,114.129452968714,22.282355397402668,1.0,9,1.0,27.0,15.0,19.0
1637306908.0,,,114.1292576,22.2823689,114.1293428,22.2824355,114.1292576,22.2823689,air,sing,19,114.129452968714,22.282355397402668,1.0,9,1.0,28.0,15.0,19.0
1637306969.0,,,114.1292576,22.2823689,114.1292357,22.2823518,114.1292576,22.2823689,air,sing,19,114.129452968714,22.282355397402668,1.0,9,1.0,29.0,15.0,19.0
1637307024.0,,,114.1292576,22.2823689,114.1295828,22.2826231,114.1294202,22.282496000000002,log,sing,19,114.129452968714,22.282355397402668,1.0,9,1.0,30.0,15.0,19.0
1637307085.0,,,114.1294434,22.28251415,114.1293991,22.2824795,114.12951415,22.28256945,air,multi,19,114.129452968714,22.282355397402668,1.0,9,1.0,31.0,15.0,19.0
1637307146.0,,,114.1294434,22.28251415,114.1293001,22.2824021,114.12946464999999,22.28253075,log,sing,19,114.129452968714,22.282355397402668,1.0,9,1.0,32.0,15.0,19.0
1637307201.0,,,114.1292576,22.2823689,114.1293362,22.2824304,114.1292576,22.2823689,air,sing,19,114.129452968714,22.282355397402668,1.0,9,1.0,33.0,15.0,19.0
1637307262.0,,,114.1296292,22.2826594,114.1294975,22.2825564,114.1296292,22.2826594,log,sing,19,114.129452968714,22.282355397402668,1.0,9,1.0,34.0,15.0,19.0
1637307323.0,,,114.1296292,22.2826594,114.1296698,22.2826911,114.1296292,22.2826594,log,sing,19,114.129452968714,22.282355397402668,1.0,9,1.0,35.0,15.0,19.0
1637307383.0,,,114.1292576,22.2823689,114.1294833,22.2825453,114.1292576,22.2823689,air,sing,19,114.129452968714,22.282355397402668,1.0,9,1.0,36.0,15.0,19.0
1637307444.0,,,114.1292576,22.2823689,114.1292456,22.2823595,114.1292576,22.2823689,air,sing,19,114.129452968714,22.282355397402668,1.0,9,1.0,37.0,15.0,19.0
1637307504.0,,,114.1296292,22.2826594,114.1295462,22.2825945,114.1296292,22.2826594,log,sing,19,114.129452968714,22.282355397402668,1.0,9,1.0,38.0,15.0,19.0
1637307565.0,,,114.1296292,22.2826594,114.1296148,22.2826481,114.1296292,22.2826594,air,sing,19,114.129452968714,22.282355397402668,1.0,9,1.0,39.0,15.0,19.0
1637307621.0,,,114.1292576,22.2823689,114.1296326,22.2826621,114.1292576,22.2823689,air,sing,19,114.129452968714,22.282355397402668,1.0,9,1.0,40.0,15.0,19.0
1637307681.0,,,114.1292576,22.2823689,114.1292311,22.2823482,114.1292576,22.2823689,log,sing,19,114.129452968714,22.282355397402668,1.0,9,1.0,41.0,15.0,19.0
1637307742.0,,,114.1292576,22.2823689,114.129325,22.2824216,114.1292576,22.2823689,log,sing,19,114.129452968714,22.282355397402668,1.0,9,1.0,42.0,15.0,19.0
1637307803.0,,,114.1296292,22.2826594,114.1293953,22.2824766,114.1296292,22.2826594,air,sing,19,114.129452968714,22.282355397402668,1.0,9,1.0,43.0,15.0,19.0
1637307863.0,,,114.1292576,22.2823689,114.1295395,22.2825893,114.1292576,22.2823689,log,sing,19,114.129452968714,22.282355397402668,1.0,9,1.0,44.0,15.0,19.0
1637307924.0,,,114.1292576,22.2823689,114.1293466,22.2824385,114.1292576,22.2823689,log,sing,19,114.129452968714,22.282355397402668,1.0,9,1.0,45.0,15.0,19.0
1637307984.0,,,114.1292576,22.2823689,114.1292441,22.2823583,114.1292576,22.2823689,log,sing,19,114.129452968714,22.282355397402668,1.0,9,1.0,46.0,15.0,19.0
1637308045.0,,,114.1294434,22.28251415,114.1293096,22.2824095,114.1293096,22.2824095,log,sing,19,114.129452968714,22.282355397402668,1.0,9,1.0,47.0,15.0,19.0
1637308106.0,,,114.1296292,22.2826594,114.1293518,22.2824426,114.1296292,22.2826594,log,sing,19,114.129452968714,22.282355397402668,1.0,9,1.0,48.0,15.0,19.0
1637308166.0,,,114.1296292,22.2826594,114.1294923,22.2825524,114.1296292,22.2826594,log,sing,19,114.129452968714,22.282355397402668,1.0,9,1.0,49.0,15.0,19.0
1637308227.0,,,114.1294434,22.28251415,114.1293675,22.2824548,114.1293675,22.2824548,log,sing,19,114.129452968714,22.282355397402668,1.0,9,1.0,50.0,15.0,19.0
1637308288.0,,,114.1296292,22.2826594,114.1293228,22.2824199,114.1296292,22.2826594,log,sing,19,114.129452968714,22.282355397402668,1.0,9,1.0,51.0,15.0,19.0
1637308349.0,,,114.1296292,22.2826594,114.1296408,22.2826685,114.1296292,22.2826594,air,sing,19,114.129452968714,22.282355397402668,1.0,9,1.0,52.0,15.0,19.0
1637308404.0,,,114.1296292,22.2826594,114.1295997,22.2826363,114.1296292,22.2826594,log,sing,19,114.129452968714,22.282355397402668,1.0,9,1.0,53.0,15.0,19.0
1637308465.0,,,114.1296292,22.2826594,114.129562,22.2826069,114.1295956,22.282633150000002,log,sing,19,114.129452968714,22.282355397402668,1.0,9,1.0,54.0,15.0,19.0
1637308525.5,,,114.1296292,22.2826594,114.1293504,22.2824414,114.1296292,22.2826594,log,sing,19,114.129452968714,22.282355397402668,1.0,9,1.0,55.0,15.0,19.0
1637308581.0,,,114.1296292,22.2826594,114.1296394,22.2826674,114.1296292,22.2826594,air,sing,19,114.129452968714,22.282355397402668,1.0,9,1.0,56.0,15.0,19.0
1637308642.0,,,114.1296292,22.2826594,114.1296444,22.2826713,114.1296292,22.2826594,air,sing,19,114.129452968714,22.282355397402668,1.0,9,1.0,57.0,15.0,19.0
1637308702.0,,,114.1294434,22.28251415,114.1296341,22.2826632,114.1296292,22.2826594,air,sing,19,114.129452968714,22.282355397402668,1.0,9,1.0,58.0,15.0,19.0
1637308763.0,,,114.1292576,22.2823689,114.1292057,22.2823284,114.1292576,22.2823689,log,sing,19,114.129452968714,22.282355397402668,1.0,9,1.0,59.0,15.0,19.0
1637308823.0,,,114.1296292,22.2826594,114.1293308,22.2824261,114.1296292,22.2826594,log,sing,19,114.129452968714,22.282355397402668,1.0,9,1.0,0.0,16.0,19.0
1637308884.0,,,114.1296292,22.2826594,114.1296954,22.2827112,114.1296292,22.2826594,log,sing,19,114.129452968714,22.282355397402668,1.0,9,1.0,1.0,16.0,19.0
1637308945.0,,,114.1296292,22.2826594,114.1294476,22.2825174,114.1296292,22.2826594,air,sing,19,114.129452968714,22.282355397402668,1.0,9,1.0,2.0,16.0,19.0
1637309005.0,,,114.1292576,22.2823689,114.1296186,22.2826512,114.1292576,22.2823689,air,sing,19,114.129452968714,22.282355397402668,1.0,9,1.0,3.0,16.0,19.0
1637309066.0,,,114.1294434,22.28251415,114.1294949,22.2825544,114.1294949,22.2825544,air,sing,19,114.129452968714,22.282355397402668,1.0,9,1.0,4.0,16.0,19.0
1637309127.0,,,114.1292576,22.2823689,114.1295085,22.282565,114.1292576,22.2823689,air,sing,19,114.129452968714,22.282355397402668,1.0,9,1.0,5.0,16.0,19.0
1637309187.0,,,114.1292576,22.2823689,114.1293076,22.282408,114.1292576,22.2823689,log,sing,19,114.129452968714,22.282355397402668,1.0,9,1.0,6.0,16.0,19.0
1637309248.0,,,114.1292576,22.2823689,114.1292444,22.2823586,114.1292576,22.2823689,log,sing,19,114.129452968714,22.282355397402668,1.0,9,1.0,7.0,16.0,19.0
1637309308.0,,,114.1292576,22.2823689,114.1294304,22.282504,114.1292576,22.2823689,air,sing,19,114.129452968714,22.282355397402668,1.0,9,1.0,8.0,16.0,19.0
1637309369.0,,,114.1296292,22.2826594,114.129274,22.2823817,114.1296292,22.2826594,log,sing,19,114.129452968714,22.282355397402668,1.0,9,1.0,9.0,16.0,19.0
1637309425.0,,,114.1296292,22.2826594,114.1296665,22.2826886,114.1296292,22.2826594,log,sing,19,114.129452968714,22.282355397402668,1.0,9,1.0,10.0,16.0,19.0
1637309485.0,,,114.1294434,22.28251415,114.1293986,22.2824791,114.1295139,22.28256925,air,multi,19,114.129452968714,22.282355397402668,1.0,9,1.0,11.0,16.0,19.0
1637309541.0,,,114.1294434,22.28251415,114.1294192,22.2824952,114.1294192,22.2824952,air,sing,19,114.129452968714,22.282355397402668,1.0,9,1.0,12.0,16.0,19.0
1637309601.0,,,114.1296292,22.2826594,114.1296147,22.282648,114.1296292,22.2826594,log,sing,19,114.129452968714,22.282355397402668,1.0,9,1.0,13.0,16.0,19.0
1637309662.0,,,114.1296292,22.2826594,114.129654,22.2826788,114.1296292,22.2826594,log,sing,19,114.129452968714,22.282355397402668,1.0,9,1.0,14.0,16.0,19.0
1637309723.0,,,114.1296292,22.2826594,114.1296271,22.2826578,114.1296292,22.2826594,air,sing,19,114.129452968714,22.282355397402668,1.0,9,1.0,15.0,16.0,19.0
1637309783.0,,,114.1296292,22.2826594,114.1296289,22.2826591,114.1296292,22.2826594,air,sing,19,114.129452968714,22.282355397402668,1.0,9,1.0,16.0,16.0,19.0
1637309844.0,,,114.1296292,22.2826594,114.1293545,22.2824447,114.1296292,22.2826594,log,sing,19,114.129452968714,22.282355397402668,1.0,9,1.0,17.0,16.0,19.0
1637309905.0,,,114.1296292,22.2826594,114.1295166,22.2825714,114.1296292,22.2826594,air,sing,19,114.129452968714,22.282355397402668,1.0,9,1.0,18.0,16.0,19.0
1637309965.0,,,114.1296292,22.2826594,114.1296478,22.2826739,114.1296292,22.2826594,log,sing,19,114.129452968714,22.282355397402668,1.0,9,1.0,19.0,16.0,19.0
1637310021.0,,,114.1296292,22.2826594,114.1296267,22.2826574,114.1296292,22.2826594,air,sing,19,114.129452968714,22.282355397402668,1.0,9,1.0,20.0,16.0,19.0
1637310082.0,,,114.1296292,22.2826594,114.1294766,22.2825401,114.1296292,22.2826594,air,sing,19,114.129452968714,22.282355397402668,1.0,9,1.0,21.0,16.0,19.0
1637310142.0,,,114.1296292,22.2826594,114.1296478,22.2826739,114.1296292,22.2826594,log,sing,19,114.129452968714,22.282355397402668,1.0,9,1.0,22.0,16.0,19.0
1637310203.0,,,114.1296292,22.2826594,114.1296309,22.2826607,114.1296292,22.2826594,air,sing,19,114.129452968714,22.282355397402668,1.0,9,1.0,23.0,16.0,19.0
1637310263.0,,,114.1296292,22.2826594,114.1296286,22.282659,114.1296292,22.2826594,log,sing,19,114.129452968714,22.282355397402668,1.0,9,1.0,24.0,16.0,19.0
1637310324.0,,,114.1296292,22.2826594,114.1296292,22.2826594,114.1296292,22.2826594,air,sing,19,114.129452968714,22.282355397402668,1.0,9,1.0,25.0,16.0,19.0
1637310385.0,,,114.1296292,22.2826594,114.1296292,22.2826594,114.1296292,22.2826594,air,sing,19,114.129452968714,22.282355397402668,1.0,9,1.0,26.0,16.0,19.0
1637310445.0,,,114.1296292,22.2826594,114.1296292,22.2826594,114.1296292,22.2826594,air,sing,19,114.129452968714,22.282355397402668,1.0,9,1.0,27.0,16.0,19.0
1637310506.0,,,114.1296292,22.2826594,114.1296292,22.2826594,114.1296292,22.2826594,air,sing,19,114.129452968714,22.282355397402668,1.0,9,1.0,28.0,16.0,19.0
1637310567.0,,,114.1292576,22.2823689,114.129317,22.2824153,114.1292576,22.2823689,log,sing,19,114.129452968714,22.282355397402668,1.0,9,1.0,29.0,16.0,19.0
1637310628.0,,,114.1292576,22.2823689,114.1294913,22.2825516,114.1292576,22.2823689,log,sing,19,114.129452968714,22.282355397402668,1.0,9,1.0,30.0,16.0,19.0
1637310688.0,,,114.1296292,22.2826594,114.1293885,22.2824712,114.1296292,22.2826594,log,sing,19,114.129452968714,22.282355397402668,1.0,9,1.0,31.0,16.0,19.0
1637310749.0,,,114.1296292,22.2826594,114.1296271,22.2826578,114.1296292,22.2826594,log,sing,19,114.129452968714,22.282355397402668,1.0,9,1.0,32.0,16.0,19.0
1637310809.0,,,114.1292576,22.2823689,114.1296505,22.282676,114.1292576,22.2823689,log,sing,19,114.129452968714,22.282355397402668,1.0,9,1.0,33.0,16.0,19.0
1637310865.0,,,114.1292576,22.2823689,114.1292005,22.2823243,114.1292576,22.2823689,log,sing,19,114.129452968714,22.282355397402668,1.0,9,1.0,34.0,16.0,19.0
1637310925.0,,,114.1296292,22.2826594,114.1294227,22.282498,114.1296292,22.2826594,log,sing,19,114.129452968714,22.282355397402668,1.0,9,1.0,35.0,16.0,19.0
1637310981.0,,,114.1296292,22.2826594,114.1296489,22.2826748,114.1296292,22.2826594,log,sing,19,114.129452968714,22.282355397402668,1.0,9,1.0,36.0,16.0,19.0
1637311047.0,,,114.1296292,22.2826594,114.1295005,22.2825588,114.1296292,22.2826594,log,sing,19,114.129452968714,22.282355397402668,1.0,9,1.0,37.0,16.0,19.0
1637311107.0,,,114.1292576,22.2823689,114.1295651,22.2826093,114.1292576,22.2823689,log,sing,19,114.129452968714,22.282355397402668,1.0,9,1.0,38.0,16.0,19.0
1637311168.0,,,114.1292576,22.2823689,114.1293194,22.2824172,114.1292576,22.2823689,log,sing,19,114.129452968714,22.282355397402668,1.0,9,1.0,39.0,16.0,19.0
1637311229.0,,,114.1292576,22.2823689,114.1292363,22.2823522,114.1292576,22.2823689,log,sing,19,114.129452968714,22.282355397402668,1.0,9,1.0,40.0,16.0,19.0
1637311284.0,,,114.1292576,22.2823689,114.1292591,22.28237,114.1292576,22.2823689,log,sing,19,114.129452968714,22.282355397402668,1.0,9,1.0,41.0,16.0,19.0
1637311345.0,,,114.1292576,22.2823689,114.1292578,22.282369,114.1292576,22.2823689,air,multi,19,114.129452968714,22.282355397402668,1.0,9,1.0,42.0,16.0,19.0
1637311406.0,,,114.1292576,22.2823689,114.1292575,22.2823689,114.1292576,22.2823689,air,multi,19,114.129452968714,22.282355397402668,1.0,9,1.0,43.0,16.0,19.0
1637311461.0,,,114.1292576,22.2823689,114.1292576,22.2823689,114.1292576,22.2823689,air,sing,19,114.129452968714,22.282355397402668,1.0,9,1.0,44.0,16.0,19.0
1637311522.0,,,114.1292576,22.2823689,114.1292784,22.2823851,114.1292576,22.2823689,air,sing,19,114.129452968714,22.282355397402668,1.0,9,1.0,45.0,16.0,19.0
1637311588.0,,,114.1292576,22.2823689,114.1292517,22.2823643,114.1292576,22.2823689,air,sing,19,,,0.0,10,1.0,46.0,16.0,19.0
1637311648.0,,,114.1292576,22.2823689,114.1290157,22.2822346,114.1292576,22.2823689,log,sing,19,,,0.0,10,1.0,47.0,16.0,19.0
1637311709.0,,,114.12981500000001,22.282979,114.1294743,22.2823506,114.1296292,22.2829498,air,sing,19,,,0.0,10,1.0,48.0,16.0,19.0
1637311765.0,,,114.1300008,22.282601,114.1298938,22.283279,114.1300008,22.2827754,log,sing,19,,,0.0,10,1.0,49.0,16.0,19.0
1637311825.0,,,114.1300008,22.2824557,114.130045,22.2827195,114.1300229,22.28234055,air,multi,19,,,0.0,10,1.0,50.0,16.0,19.0
1637311881.0,,,114.130744,22.28373435,114.1315256,22.2818103,114.130744,22.2835891,air,sing,19,,,0.0,10,1.0,51.0,16.0,19.0
1637311941.0,,,114.130744,22.283705949999998,114.130339,22.2836888,114.130744,22.2836888,air,sing,19,,,0.0,10,1.0,52.0,16.0,19.0
1637312002.0,,,114.1305582,22.2833855,114.1318588,22.2816112,114.1311156,22.2829498,air,sing,19,,,0.0,10,1.0,53.0,16.0,19.0
1637312063.0,,,114.1300008,22.2829498,114.1318588,22.2816112,114.1300008,22.2829498,air,sing,19,,,0.0,10,1.0,54.0,16.0,19.0
1637312123.0,,,114.1300008,22.2829498,114.1294671,22.2830445,114.1300008,22.2829498,log,sing,19,,,0.0,10,1.0,55.0,16.0,19.0
1637312184.0,,,114.1301866,22.28326945,114.1300371,22.2827297,114.1300371,22.2829498,air,sing,19,,,0.0,10,1.0,56.0,16.0,19.0
1637312244.0,,,114.1292576,22.282659350000003,114.1295949,22.2831834,114.1292576,22.2829498,log,sing,19,,,0.0,10,1.0,57.0,16.0,19.0
1637312305.0,,,114.1292576,22.2823689,114.1292347,22.2823061,114.1292576,22.2823689,air,multi,19,,,0.0,10,1.0,58.0,16.0,19.0
1637312368.0,,,114.12981500000001,22.2812931,114.1293404,22.2822884,114.1296292,22.2817872,air,multi,19,,,0.0,10,1.0,59.0,16.0,19.0
1637312428.0,,,114.1296292,22.2812639,114.1296292,22.2812639,114.1296292,22.2812639,air,sing,19,,,0.0,10,1.0,0.0,17.0,19.0
1637312488.0,,,114.1296292,22.2812639,114.1296292,22.2812639,114.1296292,22.2812639,air,sing,19,,,0.0,10,1.0,1.0,17.0,19.0
1637312544.0,,,114.1296292,22.2812639,114.1288744,22.2817368,114.1296292,22.2812639,air,sing,19,,,0.0,10,1.0,2.0,17.0,19.0
1637312605.0,,,114.1296292,22.2812639,114.1297094,22.2812101,114.1296292,22.2812639,air,sing,19,,,0.0,10,1.0,3.0,17.0,19.0
1637312665.0,,,114.1294434,22.2812931,114.1294673,22.2812684,114.1294673,22.2812684,air,sing,19,,,0.0,10,1.0,4.0,17.0,19.0
1637312726.0,,,114.1296292,22.2812639,114.129005,22.2816756,114.1296292,22.2812639,air,sing,19,,,0.0,10,1.0,5.0,17.0,19.0
1637312782.0,,,114.1296292,22.281758,114.13005,22.2821498,114.1296292,22.2821498,log,sing,19,,,0.0,10,1.0,6.0,17.0,19.0
1637312845.0,,,114.1292576,22.2823689,114.1297736,22.2822406,114.1292576,22.2823689,air,multi,19,,,0.0,10,1.0,7.0,17.0,19.0
1637312901.0,,,114.12888605,22.28222365,114.1291536,22.2824288,114.1291536,22.2823105,air,sing,19,,,0.0,10,1.0,8.0,17.0,19.0
1637312967.0,,,114.1285145,22.2821368,114.1284535,22.2821184,114.1285145,22.2821368,air,sing,19,,,0.0,10,1.0,9.0,17.0,19.0
1637313028.0,,,114.12907185,22.28225285,114.1285194,22.2821382,114.1288861,22.2821382,air,sing,19,,,0.0,10,1.0,10.0,17.0,19.0
1637313088.0,,,114.1292576,22.2823689,114.1289521,22.2821204,114.1292576,22.2823689,log,sing,19,,,0.0,10,1.0,11.0,17.0,19.0
1637313149.0,,,114.1292576,22.2823689,114.1293114,22.2824007,114.1292576,22.2823689,air,sing,19,,,0.0,10,1.0,12.0,17.0,19.0
1637313204.0,,,114.1292576,22.2823689,114.1292674,22.2823795,114.1292576,22.2823689,air,sing,19,,,0.0,10,1.0,13.0,17.0,19.0
1637313265.0,,,114.1292576,22.2823689,114.1292369,22.2823614,114.1292576,22.2823689,air,multi,19,,,0.0,10,1.0,14.0,17.0,19.0
1637313326.0,,,114.1292576,22.2823689,114.1293269,22.2823906,114.1292576,22.2823689,air,multi,19,114.129452968714,22.282355397402668,0.0,10,1.0,15.0,17.0,19.0
1637313386.0,,,114.1292576,22.2823689,114.129253,22.2823675,114.1292576,22.2823689,air,sing,19,114.129452968714,22.282355397402668,1.0,11,1.0,16.0,17.0,19.0
1637313447.0,,,114.1292576,22.2823689,114.1292565,22.2823686,114.1292576,22.2823689,air,sing,19,114.129452968714,22.282355397402668,1.0,11,1.0,17.0,17.0,19.0
1637313508.0,,,114.1294434,22.28251415,114.1292578,22.282369,114.1292578,22.282369,air,sing,19,114.129452968714,22.282355397402668,1.0,11,1.0,18.0,17.0,19.0
1637313568.0,,,114.1296292,22.2826594,114.1296632,22.2826859,114.1296292,22.2826594,air,sing,19,114.129452968714,22.282355397402668,1.0,11,1.0,19.0,17.0,19.0
1637313629.0,,,114.1294434,22.28251415,114.1295389,22.2825888,114.1295389,22.2825888,log,sing,19,114.129452968714,22.282355397402668,1.0,11,1.0,20.0,17.0,19.0
1637313684.0,,,114.1292576,22.2823689,114.129187,22.2823137,114.1292576,22.2823689,air,sing,19,114.129452968714,22.282355397402668,1.0,11,1.0,21.0,17.0,19.0
1637313745.0,,,114.1296292,22.2826594,114.1294831,22.2825452,114.12955615,22.2826023,log,sing,19,114.129452968714,22.282355397402668,1.0,11,1.0,22.0,17.0,19.0
1637313806.0,,,114.1294434,22.28251415,114.1295095,22.2825658,114.12956935,22.2826126,log,sing,19,114.129452968714,22.282355397402668,1.0,11,1.0,23.0,17.0,19.0
1637313861.0,,,114.1292576,22.2823689,114.1295799,22.2826209,114.1292576,22.2823689,log,sing,19,114.129452968714,22.282355397402668,1.0,11,1.0,24.0,17.0,19.0
1637313922.0,,,114.1294434,22.28251415,114.1292755,22.2823829,114.1292755,22.2823829,log,sing,19,114.129452968714,22.282355397402668,1.0,11,1.0,25.0,17.0,19.0
1637313983.0,,,114.1294434,22.28251415,114.1294995,22.282558,114.1294995,22.282558,air,sing,19,114.129452968714,22.282355397402668,1.0,11,1.0,26.0,17.0,19.0
1637314043.0,,,114.1296292,22.2826594,114.1294971,22.2825561,114.1296292,22.2826594,air,sing,19,114.129452968714,22.282355397402668,1.0,11,1.0,27.0,17.0,19.0
1637314104.0,,,114.1294434,22.28251415,114.1296041,22.2826398,114.1296041,22.2826398,log,sing,19,114.129452968714,22.282355397402668,1.0,11,1.0,28.0,17.0,19.0
1637314165.0,,,114.1294434,22.28251415,114.1295445,22.2825932,114.1295445,22.2825932,air,sing,19,114.129452968714,22.282355397402668,1.0,11,1.0,29.0,17.0,19.0
1637314225.0,,,114.1296292,22.2826594,114.1293204,22.282418,114.1296292,22.2826594,log,sing,19,114.129452968714,22.282355397402668,1.0,11,1.0,30.0,17.0,19.0
1637314286.0,,,114.1294434,22.28251415,114.1293246,22.2824213,114.1293246,22.2824213,log,sing,19,114.129452968714,22.282355397402668,1.0,11,1.0,31.0,17.0,19.0
1637314341.0,,,114.1292576,22.2823689,114.1294996,22.2825581,114.1292576,22.2823689,air,sing,19,114.129452968714,22.282355397402668,1.0,11,1.0,32.0,17.0,19.0
1637314402.0,,,114.1296292,22.2826594,114.1294327,22.2825058,114.12953095,22.282582599999998,log,sing,19,114.129452968714,22.282355397402668,1.0,11,1.0,33.0,17.0,19.0
1637314468.0,,,114.1296292,22.2826594,114.1295764,22.2826181,114.1296292,22.2826594,log,sing,19,114.129452968714,22.282355397402668,1.0,11,1.0,34.0,17.0,19.0
1637314529.0,,,114.1292576,22.2823689,114.1294813,22.2825438,114.1292576,22.2823689,log,sing,19,114.129452968714,22.282355397402668,1.0,11,1.0,35.0,17.0,19.0
1637314589.0,,,114.1292576,22.2823689,114.1294341,22.2825069,114.1292576,22.2823689,log,sing,19,114.129452968714,22.282355397402668,1.0,11,1.0,36.0,17.0,19.0
1637314645.0,,,114.1296292,22.2826594,114.1295409,22.2825903,114.12958505,22.282624849999998,air,sing,19,114.129452968714,22.282355397402668,1.0,11,1.0,37.0,17.0,19.0
1637314706.0,,,114.1292576,22.2823689,114.1295604,22.2826056,114.1292576,22.2823689,air,multi,19,114.129452968714,22.282355397402668,1.0,11,1.0,38.0,17.0,19.0
1637314761.0,,,114.1296292,22.2826594,114.1295331,22.2825843,114.1296292,22.2826594,air,sing,19,114.129452968714,22.282355397402668,1.0,11,1.0,39.0,17.0,19.0
1637314822.0,,,114.1294434,22.28251415,114.1295506,22.2825979,114.1295506,22.2825979,air,sing,19,114.129452968714,22.282355397402668,1.0,11,1.0,40.0,17.0,19.0
1637314882.0,,,114.1294434,22.28251415,114.1294101,22.2824881,114.1294101,22.2824881,log,sing,19,114.129452968714,22.282355397402668,1.0,11,1.0,41.0,17.0,19.0
1637314948.0,,,114.1292576,22.2823689,114.1295891,22.2826281,114.1292576,22.2823689,log,sing,19,114.129452968714,22.282355397402668,1.0,11,1.0,42.0,17.0,19.0
1637315009.0,,,114.1292576,22.2823689,114.1292805,22.2823868,114.1292576,22.2823689,log,sing,19,114.129452968714,22.282355397402668,1.0,11,1.0,43.0,17.0,19.0
1637315064.0,,,114.1292576,22.2823689,114.1293168,22.2824152,114.1292576,22.2823689,air,sing,19,114.129452968714,22.282355397402668,1.0,11,1.0,44.0,17.0,19.0
1637315125.0,,,114.1294434,22.28251415,114.1296164,22.2826494,114.129437,22.282509150000003,air,multi,19,114.129452968714,22.282355397402668,1.0,11,1.0,45.0,17.0,19.0
1637315186.0,,,114.1292576,22.2823689,114.1293642,22.2824523,114.1292576,22.2823689,log,sing,19,,,0.0,12,1.0,46.0,17.0,19.0
1637315241.0,,,114.1292576,22.2823689,114.129218,22.2823379,114.1292576,22.2823689,air,sing,19,,,0.0,12,1.0,47.0,17.0,19.0
1637315302.0,,,114.1292576,22.2823689,114.1293581,22.2824475,114.1292576,22.2823689,log,sing,19,,,0.0,12,1.0,48.0,17.0,19.0
1637315363.0,,,114.1292576,22.2823689,114.1287673,22.282138,114.1292576,22.2823689,log,sing,19,,,0.0,12,1.0,49.0,17.0,19.0
1637315418.0,,,114.1296292,22.2823105,114.1293534,22.2824457,114.1294913,22.2823397,log,sing,19,,,0.0,12,1.0,50.0,17.0,19.0
1637315481.0,,,114.1296292,22.281496699999998,114.1298699,22.2819039,114.1296292,22.2817295,log,sing,19,,,0.0,12,1.0,51.0,17.0,19.0
1637315547.0,,,114.1296292,22.2812639,114.1287363,22.2812994,114.1296292,22.2812639,air,sing,19,,,0.0,12,1.0,52.0,17.0,19.0
1637315607.0,,,114.1296292,22.2812639,114.12962,22.2811298,114.1296292,22.2812639,log,sing,19,,,0.0,12,1.0,53.0,17.0,19.0
1637315668.0,,,114.1296292,22.2812639,114.1296072,22.281254,114.1296292,22.2812639,air,sing,19,,,0.0,12,1.0,54.0,17.0,19.0
1637315724.0,,,114.1333451,22.282773,114.1284256,22.2814584,114.1333451,22.282773,air,sing,19,,,0.0,12,1.0,55.0,17.0,19.0
1637315785.0,,,114.1352031,22.28370195,114.1333451,22.282773,114.1352031,22.2835275,air,sing,19,,,0.0,12,1.0,56.0,17.0,19.0
1637315845.0,,,114.13260195000001,22.2830067,114.1346174,22.2834155,114.1333451,22.2830067,air,sing,19,,,0.0,12,1.0,57.0,17.0,19.0
1637315906.0,,,114.1378042,22.2841651,114.1388062,22.2843211,114.1378042,22.2841651,air,sing,19,,,0.0,12,1.0,58.0,17.0,19.0
1637315961.0,,,114.1359463,22.2841668,114.1375663,22.2841974,114.13668945,22.284182100000002,air,sing,19,,,0.0,12,1.0,59.0,17.0,19.0
1637316027.0,,,114.1426348,22.2851497,114.1359388,22.2841615,114.1426348,22.2851497,air,sing,19,,,0.0,12,1.0,0.0,18.0,19.0
1637316078.0,,,114.1436612,22.2844679,114.1426348,22.2851497,114.1436612,22.2848088,air,sing,19,,,0.0,12,1.0,1.0,18.0,19.0
1637316143.0,,,114.1508095,22.2877009,114.1508095,22.2877009,114.1508095,22.2877009,air,sing,19,,,0.0,12,1.0,2.0,18.0,19.0
