traceId,time,lng,lat,sunlit,shadowPercent,bucketStart,bucketEnd,source,cloudCover,sunlightFactor,sunlitEffective,shadowPercentEffective,solarIrradianceWm2,irradianceEffective,durationSeconds,sunlightSeconds,shadowSeconds,irradianceJ
1,2021-11-19T01:23:47.000Z,114.1292576,22.2823689,0,100,2021-11-19T01:23:00.000Z,2021-11-19T01:24:00.000Z,engine,0.6533203125,0.444677734375,0,100,,,33,0,33,
1,2021-11-19T01:24:20.000Z,114.1292576,22.2823689,0,100,2021-11-19T01:24:00.000Z,2021-11-19T01:25:00.000Z,engine,0.6533203125,0.444677734375,0,100,,,66,0,66,
1,2021-11-19T01:25:26.000Z,114.1292576,22.2823689,0,100,2021-11-19T01:25:00.000Z,2021-11-19T01:26:00.000Z,engine,0.6533203125,0.444677734375,0,100,,,66,0,66,
1,2021-11-19T01:26:32.000Z,114.1292576,22.2823689,0,100,2021-11-19T01:26:00.000Z,2021-11-19T01:27:00.000Z,engine,0.6533203125,0.444677734375,0,100,,,300,0,300,
1,2021-11-19T01:42:43.000Z,114.1292576,22.2823689,0,100,2021-11-19T01:42:00.000Z,2021-11-19T01:43:00.000Z,engine,0.6533203125,0.444677734375,0,100,,,50,0,50,
1,2021-11-19T01:43:33.000Z,114.1292576,22.2823689,0,100,2021-11-19T01:43:00.000Z,2021-11-19T01:44:00.000Z,engine,0.6533203125,0.444677734375,0,100,,,60,0,60,
1,2021-11-19T01:44:33.000Z,114.1292576,22.2823689,0,100,2021-11-19T01:44:00.000Z,2021-11-19T01:45:00.000Z,engine,0.6533203125,0.444677734375,0,100,,,60,0,60,
1,2021-11-19T01:45:33.000Z,114.1292576,22.2823689,0,100,2021-11-19T01:45:00.000Z,2021-11-19T01:46:00.000Z,engine,0.6533203125,0.444677734375,0,100,,,60,0,60,
1,2021-11-19T01:46:33.000Z,114.1292576,22.2823689,0,100,2021-11-19T01:46:00.000Z,2021-11-19T01:47:00.000Z,engine,0.6533203125,0.444677734375,0,100,,,60,0,60,
1,2021-11-19T01:47:33.000Z,114.1292576,22.2823689,0,100,2021-11-19T01:47:00.000Z,2021-11-19T01:48:00.000Z,engine,0.6533203125,0.444677734375,0,100,,,60,0,60,
1,2021-11-19T01:48:33.000Z,114.1292576,22.2823689,0,100,2021-11-19T01:48:00.000Z,2021-11-19T01:49:00.000Z,engine,0.6533203125,0.444677734375,0,100,,,61,0,61,
1,2021-11-19T01:49:34.000Z,114.1292576,22.2823689,0,100,2021-11-19T01:49:00.000Z,2021-11-19T01:50:00.000Z,engine,0.6533203125,0.444677734375,0,100,,,60,0,60,
1,2021-11-19T01:50:34.000Z,114.1292576,22.2823689,0,100,2021-11-19T01:50:00.000Z,2021-11-19T01:51:00.000Z,engine,0.6533203125,0.444677734375,0,100,,,60,0,60,
1,2021-11-19T01:51:34.000Z,114.1292576,22.2823689,0,100,2021-11-19T01:51:00.000Z,2021-11-19T01:52:00.000Z,engine,0.6533203125,0.444677734375,0,100,,,60,0,60,
1,2021-11-19T01:52:34.000Z,114.1292576,22.2823689,0,100,2021-11-19T01:52:00.000Z,2021-11-19T01:53:00.000Z,engine,0.6533203125,0.444677734375,0,100,,,60,0,60,
1,2021-11-19T01:53:34.000Z,114.1292576,22.2823689,0,100,2021-11-19T01:53:00.000Z,2021-11-19T01:54:00.000Z,engine,0.6533203125,0.444677734375,0,100,,,60,0,60,
1,2021-11-19T01:54:34.000Z,114.1292576,22.2823689,0,100,2021-11-19T01:54:00.000Z,2021-11-19T01:55:00.000Z,engine,0.6533203125,0.444677734375,0,100,,,60,0,60,
1,2021-11-19T01:55:34.000Z,114.1292576,22.2823689,0,100,2021-11-19T01:55:00.000Z,2021-11-19T01:56:00.000Z,engine,0.6533203125,0.444677734375,0,100,,,60,0,60,
1,2021-11-19T01:56:34.000Z,114.1292576,22.2823689,0,100,2021-11-19T01:56:00.000Z,2021-11-19T01:57:00.000Z,engine,0.6533203125,0.444677734375,0,100,,,60,0,60,
1,2021-11-19T01:57:34.000Z,114.1292576,22.2823689,0,100,2021-11-19T01:57:00.000Z,2021-11-19T01:58:00.000Z,engine,0.6533203125,0.444677734375,0,100,,,60,0,60,
1,2021-11-19T01:58:34.000Z,114.1292576,22.2823689,0,100,2021-11-19T01:58:00.000Z,2021-11-19T01:59:00.000Z,engine,0.6533203125,0.444677734375,0,100,,,60,0,60,
1,2021-11-19T01:59:34.000Z,114.1292576,22.2823689,0,100,2021-11-19T01:59:00.000Z,2021-11-19T02:00:00.000Z,engine,0.6533203125,0.444677734375,0,100,,,60,0,60,
1,2021-11-19T02:00:34.000Z,114.1292576,22.2823689,0,100,2021-11-19T02:00:00.000Z,2021-11-19T02:01:00.000Z,engine,0.95416259765625,0.18896179199218754,0,100,,,61,0,61,
1,2021-11-19T02:01:35.000Z,114.1292576,22.2823689,0,100,2021-11-19T02:01:00.000Z,2021-11-19T02:02:00.000Z,engine,0.95416259765625,0.18896179199218754,0,100,,,60,0,60,
1,2021-11-19T02:02:35.000Z,114.1292576,22.2823689,0,100,2021-11-19T02:02:00.000Z,2021-11-19T02:03:00.000Z,engine,0.95416259765625,0.18896179199218754,0,100,,,60,0,60,
1,2021-11-19T02:03:35.000Z,114.1292576,22.2823689,0,100,2021-11-19T02:03:00.000Z,2021-11-19T02:04:00.000Z,engine,0.95416259765625,0.18896179199218754,0,100,,,60,0,60,
1,2021-11-19T02:04:35.000Z,114.1292576,22.2823689,0,100,2021-11-19T02:04:00.000Z,2021-11-19T02:05:00.000Z,engine,0.95416259765625,0.18896179199218754,0,100,,,60,0,60,
1,2021-11-19T02:05:35.000Z,114.1292576,22.2823689,0,100,2021-11-19T02:05:00.000Z,2021-11-19T02:06:00.000Z,engine,0.95416259765625,0.18896179199218754,0,100,,,60,0,60,
1,2021-11-19T02:06:35.000Z,114.1292576,22.2823689,0,100,2021-11-19T02:06:00.000Z,2021-11-19T02:07:00.000Z,engine,0.95416259765625,0.18896179199218754,0,100,,,28,0,28,
1,2021-11-19T02:07:03.000Z,114.1292576,22.2823689,0,100,2021-11-19T02:07:00.000Z,2021-11-19T02:08:00.000Z,engine,0.95416259765625,0.18896179199218754,0,100,,,300,0,300,
1,2021-11-19T02:13:50.000Z,114.1292576,22.2823689,0,100,2021-11-19T02:13:00.000Z,2021-11-19T02:14:00.000Z,engine,0.95416259765625,0.18896179199218754,0,100,,,40,0,40,
1,2021-11-19T02:14:30.000Z,114.1292576,22.2823689,0,100,2021-11-19T02:14:00.000Z,2021-11-19T02:15:00.000Z,engine,0.95416259765625,0.18896179199218754,0,100,,,60,0,60,
1,2021-11-19T02:15:30.000Z,114.1292576,22.2823689,0,100,2021-11-19T02:15:00.000Z,2021-11-19T02:16:00.000Z,engine,0.95416259765625,0.18896179199218754,0,100,,,61,0,61,
1,2021-11-19T02:16:31.000Z,114.1292576,22.2823689,0,100,2021-11-19T02:16:00.000Z,2021-11-19T02:17:00.000Z,engine,0.95416259765625,0.18896179199218754,0,100,,,60,0,60,
1,2021-11-19T02:17:31.000Z,114.1292576,22.2823689,0,100,2021-11-19T02:17:00.000Z,2021-11-19T02:18:00.000Z,engine,0.95416259765625,0.18896179199218754,0,100,,,61,0,61,
1,2021-11-19T02:18:32.000Z,114.1292576,22.2823689,0,100,2021-11-19T02:18:00.000Z,2021-11-19T02:19:00.000Z,engine,0.95416259765625,0.18896179199218754,0,100,,,60,0,60,
1,2021-11-19T02:19:32.000Z,114.1292576,22.2823689,0,100,2021-11-19T02:19:00.000Z,2021-11-19T02:20:00.000Z,engine,0.95416259765625,0.18896179199218754,0,100,,,60,0,60,
1,2021-11-19T02:20:32.000Z,114.1292576,22.2823689,0,100,2021-11-19T02:20:00.000Z,2021-11-19T02:21:00.000Z,engine,0.95416259765625,0.18896179199218754,0,100,,,60,0,60,
1,2021-11-19T02:21:32.000Z,114.1292576,22.2823689,0,100,2021-11-19T02:21:00.000Z,2021-11-19T02:22:00.000Z,engine,0.95416259765625,0.18896179199218754,0,100,,,61,0,61,
1,2021-11-19T02:22:33.000Z,114.1292576,22.2823689,0,100,2021-11-19T02:22:00.000Z,2021-11-19T02:23:00.000Z,engine,0.95416259765625,0.18896179199218754,0,100,,,60,0,60,
1,2021-11-19T02:23:33.000Z,114.1292576,22.2823689,0,100,2021-11-19T02:23:00.000Z,2021-11-19T02:24:00.000Z,engine,0.95416259765625,0.18896179199218754,0,100,,,60,0,60,
1,2021-11-19T02:24:33.000Z,114.1292576,22.2823689,0,100,2021-11-19T02:24:00.000Z,2021-11-19T02:25:00.000Z,engine,0.95416259765625,0.18896179199218754,0,100,,,60,0,60,
1,2021-11-19T02:25:33.000Z,114.1292576,22.2823689,0,100,2021-11-19T02:25:00.000Z,2021-11-19T02:26:00.000Z,engine,0.95416259765625,0.18896179199218754,0,100,,,64,0,64,
1,2021-11-19T02:26:37.000Z,114.1292576,22.2823689,0,100,2021-11-19T02:26:00.000Z,2021-11-19T02:27:00.000Z,engine,0.95416259765625,0.18896179199218754,0,100,,,60,0,60,
1,2021-11-19T02:27:37.000Z,114.1292576,22.2823689,0,100,2021-11-19T02:27:00.000Z,2021-11-19T02:28:00.000Z,engine,0.95416259765625,0.18896179199218754,0,100,,,60,0,60,
1,2021-11-19T02:28:37.000Z,114.1292576,22.2823689,0,100,2021-11-19T02:28:00.000Z,2021-11-19T02:29:00.000Z,engine,0.95416259765625,0.18896179199218754,0,100,,,60,0,60,
1,2021-11-19T02:29:37.000Z,114.1292576,22.2823689,0,100,2021-11-19T02:29:00.000Z,2021-11-19T02:30:00.000Z,engine,0.95416259765625,0.18896179199218754,0,100,,,54,0,54,
1,2021-11-19T02:30:31.000Z,114.1292576,22.2823689,0,100,2021-11-19T02:30:00.000Z,2021-11-19T02:31:00.000Z,engine,0.95416259765625,0.18896179199218754,0,100,,,61,0,61,
1,2021-11-19T02:31:32.000Z,114.1292576,22.2823689,0,100,2021-11-19T02:31:00.000Z,2021-11-19T02:32:00.000Z,engine,0.95416259765625,0.18896179199218754,0,100,,,60,0,60,
1,2021-11-19T02:32:32.000Z,114.1292576,22.2823689,0,100,2021-11-19T02:32:00.000Z,2021-11-19T02:33:00.000Z,engine,0.95416259765625,0.18896179199218754,0,100,,,60,0,60,
1,2021-11-19T02:33:32.000Z,114.1292576,22.2823689,0,100,2021-11-19T02:33:00.000Z,2021-11-19T02:34:00.000Z,engine,0.95416259765625,0.18896179199218754,0,100,,,60,0,60,
1,2021-11-19T02:34:32.000Z,114.1292576,22.2823689,0,100,2021-11-19T02:34:00.000Z,2021-11-19T02:35:00.000Z,engine,0.95416259765625,0.18896179199218754,0,100,,,60,0,60,
1,2021-11-19T02:35:32.000Z,114.1292576,22.2823689,0,100,2021-11-19T02:35:00.000Z,2021-11-19T02:36:00.000Z,engine,0.95416259765625,0.18896179199218754,0,100,,,60,0,60,
1,2021-11-19T02:36:32.000Z,114.1292576,22.2823689,0,100,2021-11-19T02:36:00.000Z,2021-11-19T02:37:00.000Z,engine,0.95416259765625,0.18896179199218754,0,100,,,60,0,60,
2,2021-11-19T02:37:32.000Z,114.1292576,22.2823689,0,100,2021-11-19T02:37:00.000Z,2021-11-19T02:38:00.000Z,engine,0.95416259765625,0.18896179199218754,0,100,,,60,0,60,
2,2021-11-19T02:38:32.000Z,114.1292576,22.2823689,0,100,2021-11-19T02:38:00.000Z,2021-11-19T02:39:00.000Z,engine,0.95416259765625,0.18896179199218754,0,100,,,60,0,60,
2,2021-11-19T02:39:32.000Z,114.1292576,22.2823689,0,100,2021-11-19T02:39:00.000Z,2021-11-19T02:40:00.000Z,engine,0.95416259765625,0.18896179199218754,0,100,,,60,0,60,
2,2021-11-19T02:40:32.000Z,114.1292576,22.2823689,0,100,2021-11-19T02:40:00.000Z,2021-11-19T02:41:00.000Z,engine,0.95416259765625,0.18896179199218754,0,100,,,60,0,60,
2,2021-11-19T02:41:32.000Z,114.1292576,22.2823689,0,100,2021-11-19T02:41:00.000Z,2021-11-19T02:42:00.000Z,engine,0.95416259765625,0.18896179199218754,0,100,,,60,0,60,
2,2021-11-19T02:42:32.000Z,114.1292576,22.2823689,0,100,2021-11-19T02:42:00.000Z,2021-11-19T02:43:00.000Z,engine,0.95416259765625,0.18896179199218754,0,100,,,54,0,54,
2,2021-11-19T02:43:26.000Z,114.1292576,22.2823689,0,100,2021-11-19T02:43:00.000Z,2021-11-19T02:44:00.000Z,engine,0.95416259765625,0.18896179199218754,0,100,,,60,0,60,
2,2021-11-19T02:44:26.000Z,114.1285145,22.2821368,0,100,2021-11-19T02:44:00.000Z,2021-11-19T02:45:00.000Z,engine,0.95416259765625,0.18896179199218754,0,100,,,60,0,60,
2,2021-11-19T02:45:26.000Z,114.1285145,22.2821368,0,100,2021-11-19T02:45:00.000Z,2021-11-19T02:46:00.000Z,engine,0.95416259765625,0.18896179199218754,0,100,,,60,0,60,
2,2021-11-19T02:46:26.000Z,114.1285145,22.2821368,0,100,2021-11-19T02:46:00.000Z,2021-11-19T02:47:00.000Z,engine,0.95416259765625,0.18896179199218754,0,100,,,40,0,40,
2,2021-11-19T02:47:06.000Z,114.1285145,22.2810902,0,100,2021-11-19T02:47:00.000Z,2021-11-19T02:48:00.000Z,engine,0.95416259765625,0.18896179199218754,0,100,,,81,0,81,
2,2021-11-19T02:48:27.000Z,114.130744,22.2817864,0,100,2021-11-19T02:48:00.000Z,2021-11-19T02:49:00.000Z,engine,0.95416259765625,0.18896179199218754,0,100,,,60,0,60,
2,2021-11-19T02:49:27.000Z,114.130744,22.2817864,0,100,2021-11-19T02:49:00.000Z,2021-11-19T02:50:00.000Z,engine,0.95416259765625,0.18896179199218754,0,100,,,60,0,60,
2,2021-11-19T02:50:27.000Z,114.130744,22.2817864,0,100,2021-11-19T02:50:00.000Z,2021-11-19T02:51:00.000Z,engine,0.95416259765625,0.18896179199218754,0,100,,,60,0,60,
2,2021-11-19T02:51:27.000Z,114.130744,22.2817864,0,100,2021-11-19T02:51:00.000Z,2021-11-19T02:52:00.000Z,engine,0.95416259765625,0.18896179199218754,0,100,,,61,0,61,
2,2021-11-19T02:52:28.000Z,114.130744,22.2817864,0,100,2021-11-19T02:52:00.000Z,2021-11-19T02:53:00.000Z,engine,0.95416259765625,0.18896179199218754,0,100,,,61,0,61,
2,2021-11-19T02:53:29.000Z,114.130744,22.2817864,0,100,2021-11-19T02:53:00.000Z,2021-11-19T02:54:00.000Z,engine,0.95416259765625,0.18896179199218754,0,100,,,60,0,60,
2,2021-11-19T02:54:29.000Z,114.130744,22.2817864,0,100,2021-11-19T02:54:00.000Z,2021-11-19T02:55:00.000Z,engine,0.95416259765625,0.18896179199218754,0,100,,,60,0,60,
2,2021-11-19T02:55:29.000Z,114.1288861,22.2806829,1,0,2021-11-19T02:55:00.000Z,2021-11-19T02:56:00.000Z,engine,0.95416259765625,0.18896179199218754,0.18896179199218754,81.10382080078125,,,61,11.52666931152344,49.47333068847656,
2,2021-11-19T02:56:30.000Z,114.1288861,22.2806829,1,0,2021-11-19T02:56:00.000Z,2021-11-19T02:57:00.000Z,engine,0.95416259765625,0.18896179199218754,0.18896179199218754,81.10382080078125,,,60,11.337707519531254,48.66229248046875,
2,2021-11-19T02:57:30.000Z,114.1288861,22.2806829,1,0,2021-11-19T02:57:00.000Z,2021-11-19T02:58:00.000Z,engine,0.95416259765625,0.18896179199218754,0.18896179199218754,81.10382080078125,,,60,11.337707519531254,48.66229248046875,
2,2021-11-19T02:58:30.000Z,114.130744,22.2817864,0,100,2021-11-19T02:58:00.000Z,2021-11-19T02:59:00.000Z,engine,0.95416259765625,0.18896179199218754,0,100,,,60,0,60,
2,2021-11-19T02:59:30.000Z,114.1288861,22.2806829,1,0,2021-11-19T02:59:00.000Z,2021-11-19T03:00:00.000Z,engine,0.95416259765625,0.18896179199218754,0.18896179199218754,81.10382080078125,,,53,10.01497497558594,42.98502502441406,
2,2021-11-19T03:00:23.000Z,114.130744,22.2817864,0,100,2021-11-19T03:00:00.000Z,2021-11-19T03:01:00.000Z,engine,0.989349365234375,0.15905303955078132,0,100,,,61,0,61,
2,2021-11-19T03:01:24.000Z,114.130744,22.2817864,0,100,2021-11-19T03:01:00.000Z,2021-11-19T03:02:00.000Z,engine,0.989349365234375,0.15905303955078132,0,100,,,60,0,60,
2,2021-11-19T03:02:24.000Z,114.130744,22.2817864,0,100,2021-11-19T03:02:00.000Z,2021-11-19T03:03:00.000Z,engine,0.989349365234375,0.15905303955078132,0,100,,,60,0,60,
2,2021-11-19T03:03:24.000Z,114.1288861,22.2806829,1,0,2021-11-19T03:03:00.000Z,2021-11-19T03:04:00.000Z,engine,0.989349365234375,0.15905303955078132,0.15905303955078132,84.09469604492188,,,60,9.543182373046879,50.456817626953125,
2,2021-11-19T03:04:24.000Z,114.1288861,22.2806829,1,0,2021-11-19T03:04:00.000Z,2021-11-19T03:05:00.000Z,engine,0.989349365234375,0.15905303955078132,0.15905303955078132,84.09469604492188,,,60,9.543182373046879,50.456817626953125,
2,2021-11-19T03:05:24.000Z,114.1288861,22.2806829,1,0,2021-11-19T03:05:00.000Z,2021-11-19T03:06:00.000Z,engine,0.989349365234375,0.15905303955078132,0.15905303955078132,84.09469604492188,,,60,9.543182373046879,50.456817626953125,
2,2021-11-19T03:06:24.000Z,114.1288861,22.2806829,1,0,2021-11-19T03:06:00.000Z,2021-11-19T03:07:00.000Z,engine,0.989349365234375,0.15905303955078132,0.15905303955078132,84.09469604492188,,,60,9.543182373046879,50.456817626953125,
2,2021-11-19T03:07:24.000Z,114.1288861,22.2806829,1,0,2021-11-19T03:07:00.000Z,2021-11-19T03:08:00.000Z,engine,0.989349365234375,0.15905303955078132,0.15905303955078132,84.09469604492188,,,60,9.543182373046879,50.456817626953125,
2,2021-11-19T03:08:24.000Z,114.1288861,22.2806829,1,0,2021-11-19T03:08:00.000Z,2021-11-19T03:09:00.000Z,engine,0.989349365234375,0.15905303955078132,0.15905303955078132,84.09469604492188,,,60,9.543182373046879,50.456817626953125,
2,2021-11-19T03:09:24.000Z,114.130744,22.2817864,0,100,2021-11-19T03:09:00.000Z,2021-11-19T03:10:00.000Z,engine,0.989349365234375,0.15905303955078132,0,100,,,60,0,60,
2,2021-11-19T03:10:24.000Z,114.130744,22.2817864,0,100,2021-11-19T03:10:00.000Z,2021-11-19T03:11:00.000Z,engine,0.989349365234375,0.15905303955078132,0,100,,,60,0,60,
2,2021-11-19T03:11:24.000Z,114.130744,22.2817864,0,100,2021-11-19T03:11:00.000Z,2021-11-19T03:12:00.000Z,engine,0.989349365234375,0.15905303955078132,0,100,,,60,0,60,
2,2021-11-19T03:12:24.000Z,114.130744,22.2817864,0,100,2021-11-19T03:12:00.000Z,2021-11-19T03:13:00.000Z,engine,0.989349365234375,0.15905303955078132,0,100,,,60,0,60,
2,2021-11-19T03:13:24.000Z,114.1288861,22.2806829,1,0,2021-11-19T03:13:00.000Z,2021-11-19T03:14:00.000Z,engine,0.989349365234375,0.15905303955078132,0.15905303955078132,84.09469604492188,,,60,9.543182373046879,50.456817626953125,
2,2021-11-19T03:14:24.000Z,114.1288861,22.2814975,0,100,2021-11-19T03:14:00.000Z,2021-11-19T03:15:00.000Z,engine,0.989349365234375,0.15905303955078132,0,100,,,60,0,60,
2,2021-11-19T03:15:24.000Z,114.1288861,22.2806829,1,0,2021-11-19T03:15:00.000Z,2021-11-19T03:16:00.000Z,engine,0.989349365234375,0.15905303955078132,0.15905303955078132,84.09469604492188,,,61,9.70223541259766,51.29776458740235,
2,2021-11-19T03:16:25.000Z,114.1288861,22.2806829,1,0,2021-11-19T03:16:00.000Z,2021-11-19T03:17:00.000Z,engine,0.989349365234375,0.15905303955078132,0.15905303955078132,84.09469604492188,,,60,9.543182373046879,50.456817626953125,
3,2021-11-19T03:17:25.000Z,114.1296292,22.2798684,0,100,2021-11-19T03:17:00.000Z,2021-11-19T03:18:00.000Z,engine,0.989349365234375,0.15905303955078132,0,100,,,60,0,60,
3,2021-11-19T03:18:25.000Z,114.1296292,22.2798684,0,100,2021-11-19T03:18:00.000Z,2021-11-19T03:19:00.000Z,engine,0.989349365234375,0.15905303955078132,0,100,,,60,0,60,
3,2021-11-19T03:19:25.000Z,114.1296292,22.2798684,0,100,2021-11-19T03:19:00.000Z,2021-11-19T03:20:00.000Z,engine,0.989349365234375,0.15905303955078132,0,100,,,60,0,60,
3,2021-11-19T03:20:25.000Z,114.1296292,22.2798684,0,100,2021-11-19T03:20:00.000Z,2021-11-19T03:21:00.000Z,engine,0.989349365234375,0.15905303955078132,0,100,,,60,0,60,
3,2021-11-19T03:21:25.000Z,114.1296292,22.2798684,0,100,2021-11-19T03:21:00.000Z,2021-11-19T03:22:00.000Z,engine,0.989349365234375,0.15905303955078132,0,100,,,60,0,60,
3,2021-11-19T03:22:25.000Z,114.1296292,22.2798684,0,100,2021-11-19T03:22:00.000Z,2021-11-19T03:23:00.000Z,engine,0.989349365234375,0.15905303955078132,0,100,,,60,0,60,
3,2021-11-19T03:23:25.000Z,114.1296292,22.2798684,0,100,2021-11-19T03:23:00.000Z,2021-11-19T03:24:00.000Z,engine,0.989349365234375,0.15905303955078132,0,100,,,60,0,60,
3,2021-11-19T03:24:25.000Z,114.1296292,22.2798684,0,100,2021-11-19T03:24:00.000Z,2021-11-19T03:25:00.000Z,engine,0.989349365234375,0.15905303955078132,0,100,,,60,0,60,
3,2021-11-19T03:25:25.000Z,114.1296292,22.2798684,0,100,2021-11-19T03:25:00.000Z,2021-11-19T03:26:00.000Z,engine,0.989349365234375,0.15905303955078132,0,100,,,60,0,60,
3,2021-11-19T03:26:25.000Z,114.1296292,22.2798684,0,100,2021-11-19T03:26:00.000Z,2021-11-19T03:27:00.000Z,engine,0.989349365234375,0.15905303955078132,0,100,,,60,0,60,
3,2021-11-19T03:27:25.000Z,114.1296292,22.2798684,0,100,2021-11-19T03:27:00.000Z,2021-11-19T03:28:00.000Z,engine,0.989349365234375,0.15905303955078132,0,100,,,60,0,60,
3,2021-11-19T03:28:25.000Z,114.1296292,22.2798684,0,100,2021-11-19T03:28:00.000Z,2021-11-19T03:29:00.000Z,engine,0.989349365234375,0.15905303955078132,0,100,,,60,0,60,
3,2021-11-19T03:29:25.000Z,114.1296292,22.2798684,0,100,2021-11-19T03:29:00.000Z,2021-11-19T03:30:00.000Z,engine,0.989349365234375,0.15905303955078132,0,100,,,60,0,60,
3,2021-11-19T03:30:25.000Z,114.1296292,22.2798684,0,100,2021-11-19T03:30:00.000Z,2021-11-19T03:31:00.000Z,engine,0.989349365234375,0.15905303955078132,0,100,,,60,0,60,
3,2021-11-19T03:31:25.000Z,114.1296292,22.2798684,0,100,2021-11-19T03:31:00.000Z,2021-11-19T03:32:00.000Z,engine,0.989349365234375,0.15905303955078132,0,100,,,61,0,61,
3,2021-11-19T03:32:26.000Z,114.1296292,22.2798684,0,100,2021-11-19T03:32:00.000Z,2021-11-19T03:33:00.000Z,engine,0.989349365234375,0.15905303955078132,0,100,,,60,0,60,
3,2021-11-19T03:33:26.000Z,114.1296292,22.2798684,0,100,2021-11-19T03:33:00.000Z,2021-11-19T03:34:00.000Z,engine,0.989349365234375,0.15905303955078132,0,100,,,60,0,60,
3,2021-11-19T03:34:26.000Z,114.1296292,22.2798684,0,100,2021-11-19T03:34:00.000Z,2021-11-19T03:35:00.000Z,engine,0.989349365234375,0.15905303955078132,0,100,,,60,0,60,
3,2021-11-19T03:35:26.000Z,114.1296292,22.2798684,0,100,2021-11-19T03:35:00.000Z,2021-11-19T03:36:00.000Z,engine,0.989349365234375,0.15905303955078132,0,100,,,60,0,60,
3,2021-11-19T03:36:26.000Z,114.1296292,22.2798684,0,100,2021-11-19T03:36:00.000Z,2021-11-19T03:37:00.000Z,engine,0.989349365234375,0.15905303955078132,0,100,,,60,0,60,
3,2021-11-19T03:37:26.000Z,114.1296292,22.2798684,0,100,2021-11-19T03:37:00.000Z,2021-11-19T03:38:00.000Z,engine,0.989349365234375,0.15905303955078132,0,100,,,60,0,60,
3,2021-11-19T03:38:26.000Z,114.1296292,22.2798684,0,100,2021-11-19T03:38:00.000Z,2021-11-19T03:39:00.000Z,engine,0.989349365234375,0.15905303955078132,0,100,,,60,0,60,
3,2021-11-19T03:39:26.000Z,114.1296292,22.2798684,0,100,2021-11-19T03:39:00.000Z,2021-11-19T03:40:00.000Z,engine,0.989349365234375,0.15905303955078132,0,100,,,60,0,60,
3,2021-11-19T03:40:26.000Z,114.1296292,22.2798684,0,100,2021-11-19T03:40:00.000Z,2021-11-19T03:41:00.000Z,engine,0.989349365234375,0.15905303955078132,0,100,,,60,0,60,
3,2021-11-19T03:41:26.000Z,114.1296292,22.2798684,0,100,2021-11-19T03:41:00.000Z,2021-11-19T03:42:00.000Z,engine,0.989349365234375,0.15905303955078132,0,100,,,60,0,60,
3,2021-11-19T03:42:26.000Z,114.1296292,22.2798684,0,100,2021-11-19T03:42:00.000Z,2021-11-19T03:43:00.000Z,engine,0.989349365234375,0.15905303955078132,0,100,,,60,0,60,
3,2021-11-19T03:43:26.000Z,114.1296292,22.2798684,0,100,2021-11-19T03:43:00.000Z,2021-11-19T03:44:00.000Z,engine,0.989349365234375,0.15905303955078132,0,100,,,60,0,60,
3,2021-11-19T03:44:26.000Z,114.1296292,22.2798684,0,100,2021-11-19T03:44:00.000Z,2021-11-19T03:45:00.000Z,engine,0.989349365234375,0.15905303955078132,0,100,,,60,0,60,
3,2021-11-19T03:45:26.000Z,114.1296292,22.2798684,0,100,2021-11-19T03:45:00.000Z,2021-11-19T03:46:00.000Z,engine,0.989349365234375,0.15905303955078132,0,100,,,60,0,60,
3,2021-11-19T03:46:26.000Z,114.1296292,22.2798684,0,100,2021-11-19T03:46:00.000Z,2021-11-19T03:47:00.000Z,engine,0.989349365234375,0.15905303955078132,0,100,,,61,0,61,
4,2021-11-19T03:47:27.000Z,114.1296292,22.2798684,0,100,2021-11-19T03:47:00.000Z,2021-11-19T03:48:00.000Z,engine,0.989349365234375,0.15905303955078132,0,100,,,60,0,60,
4,2021-11-19T03:48:27.000Z,114.1296292,22.2798684,0,100,2021-11-19T03:48:00.000Z,2021-11-19T03:49:00.000Z,engine,0.989349365234375,0.15905303955078132,0,100,,,60,0,60,
4,2021-11-19T03:49:27.000Z,114.1288861,22.2806829,1,0,2021-11-19T03:49:00.000Z,2021-11-19T03:50:00.000Z,engine,0.989349365234375,0.15905303955078132,0.15905303955078132,84.09469604492188,,,60,9.543182373046879,50.456817626953125,
4,2021-11-19T03:50:27.000Z,114.1288861,22.2806829,1,0,2021-11-19T03:50:00.000Z,2021-11-19T03:51:00.000Z,engine,0.989349365234375,0.15905303955078132,0.15905303955078132,84.09469604492188,,,60,9.543182373046879,50.456817626953125,
4,2021-11-19T03:51:27.000Z,114.1288861,22.2806829,1,0,2021-11-19T03:51:00.000Z,2021-11-19T03:52:00.000Z,engine,0.989349365234375,0.15905303955078132,0.15905303955078132,84.09469604492188,,,60,9.543182373046879,50.456817626953125,
4,2021-11-19T03:52:27.000Z,114.1288861,22.2806829,1,0,2021-11-19T03:52:00.000Z,2021-11-19T03:53:00.000Z,engine,0.989349365234375,0.15905303955078132,0.15905303955078132,84.09469604492188,,,60,9.543182373046879,50.456817626953125,
4,2021-11-19T03:53:27.000Z,114.1288861,22.2806829,1,0,2021-11-19T03:53:00.000Z,2021-11-19T03:54:00.000Z,engine,0.989349365234375,0.15905303955078132,0.15905303955078132,84.09469604492188,,,60,9.543182373046879,50.456817626953125,
4,2021-11-19T03:54:27.000Z,114.1288861,22.2806829,1,0,2021-11-19T03:54:00.000Z,2021-11-19T03:55:00.000Z,engine,0.989349365234375,0.15905303955078132,0.15905303955078132,84.09469604492188,,,60,9.543182373046879,50.456817626953125,
4,2021-11-19T03:55:27.000Z,114.1288861,22.2806829,1,0,2021-11-19T03:55:00.000Z,2021-11-19T03:56:00.000Z,engine,0.989349365234375,0.15905303955078132,0.15905303955078132,84.09469604492188,,,60,9.543182373046879,50.456817626953125,
4,2021-11-19T03:56:27.000Z,114.1288861,22.2806829,1,0,2021-11-19T03:56:00.000Z,2021-11-19T03:57:00.000Z,engine,0.989349365234375,0.15905303955078132,0.15905303955078132,84.09469604492188,,,60,9.543182373046879,50.456817626953125,
4,2021-11-19T03:57:27.000Z,114.1288861,22.2806829,1,0,2021-11-19T03:57:00.000Z,2021-11-19T03:58:00.000Z,engine,0.989349365234375,0.15905303955078132,0.15905303955078132,84.09469604492188,,,60,9.543182373046879,50.456817626953125,
4,2021-11-19T03:58:27.000Z,114.1296292,22.2798684,0,100,2021-11-19T03:58:00.000Z,2021-11-19T03:59:00.000Z,engine,0.989349365234375,0.15905303955078132,0,100,,,60,0,60,
4,2021-11-19T03:59:27.000Z,114.1296292,22.2798684,0,100,2021-11-19T03:59:00.000Z,2021-11-19T04:00:00.000Z,engine,0.989349365234375,0.15905303955078132,0,100,,,60,0,60,
4,2021-11-19T04:00:27.000Z,114.1296292,22.2798684,0,100,2021-11-19T04:00:00.000Z,2021-11-19T04:01:00.000Z,engine,0.980377197265625,0.16667938232421875,0,100,,,60,0,60,
4,2021-11-19T04:01:27.000Z,114.1296292,22.2798684,0,100,2021-11-19T04:01:00.000Z,2021-11-19T04:02:00.000Z,engine,0.980377197265625,0.16667938232421875,0,100,,,60,0,60,
4,2021-11-19T04:02:27.000Z,114.1296292,22.2798684,0,100,2021-11-19T04:02:00.000Z,2021-11-19T04:03:00.000Z,engine,0.980377197265625,0.16667938232421875,0,100,,,61,0,61,
4,2021-11-19T04:03:28.000Z,114.1296292,22.2798684,0,100,2021-11-19T04:03:00.000Z,2021-11-19T04:04:00.000Z,engine,0.980377197265625,0.16667938232421875,0,100,,,60,0,60,
4,2021-11-19T04:04:28.000Z,114.1296292,22.2798684,0,100,2021-11-19T04:04:00.000Z,2021-11-19T04:05:00.000Z,engine,0.980377197265625,0.16667938232421875,0,100,,,60,0,60,
4,2021-11-19T04:05:28.000Z,114.1296292,22.2798684,0,100,2021-11-19T04:05:00.000Z,2021-11-19T04:06:00.000Z,engine,0.980377197265625,0.16667938232421875,0,100,,,60,0,60,
5,2021-11-19T04:06:28.000Z,114.1296292,22.2798684,0,100,2021-11-19T04:06:00.000Z,2021-11-19T04:07:00.000Z,engine,0.980377197265625,0.16667938232421875,0,100,,,60,0,60,
5,2021-11-19T04:07:28.000Z,114.1296292,22.2798684,0,100,2021-11-19T04:07:00.000Z,2021-11-19T04:08:00.000Z,engine,0.980377197265625,0.16667938232421875,0,100,,,60,0,60,
5,2021-11-19T04:08:28.000Z,114.1296292,22.2798684,0,100,2021-11-19T04:08:00.000Z,2021-11-19T04:09:00.000Z,engine,0.980377197265625,0.16667938232421875,0,100,,,64,0,64,
5,2021-11-19T04:09:32.000Z,114.1296292,22.2798684,0,100,2021-11-19T04:09:00.000Z,2021-11-19T04:10:00.000Z,engine,0.980377197265625,0.16667938232421875,0,100,,,61,0,61,
5,2021-11-19T04:10:33.000Z,114.1296292,22.2798684,0,100,2021-11-19T04:10:00.000Z,2021-11-19T04:11:00.000Z,engine,0.980377197265625,0.16667938232421875,0,100,,,60,0,60,
5,2021-11-19T04:11:33.000Z,114.1296292,22.2798684,0,100,2021-11-19T04:11:00.000Z,2021-11-19T04:12:00.000Z,engine,0.980377197265625,0.16667938232421875,0,100,,,60,0,60,
5,2021-11-19T04:12:33.000Z,114.1296292,22.2798684,0,100,2021-11-19T04:12:00.000Z,2021-11-19T04:13:00.000Z,engine,0.980377197265625,0.16667938232421875,0,100,,,60,0,60,
5,2021-11-19T04:13:33.000Z,114.1296292,22.2798684,0,100,2021-11-19T04:13:00.000Z,2021-11-19T04:14:00.000Z,engine,0.980377197265625,0.16667938232421875,0,100,,,60,0,60,
5,2021-11-19T04:14:33.000Z,114.1296292,22.2798684,0,100,2021-11-19T04:14:00.000Z,2021-11-19T04:15:00.000Z,engine,0.980377197265625,0.16667938232421875,0,100,,,60,0,60,
5,2021-11-19T04:15:33.000Z,114.1296292,22.2798684,0,100,2021-11-19T04:15:00.000Z,2021-11-19T04:16:00.000Z,engine,0.980377197265625,0.16667938232421875,0,100,,,60,0,60,
6,2021-11-19T04:16:33.000Z,114.1296292,22.2798684,0,100,2021-11-19T04:16:00.000Z,2021-11-19T04:17:00.000Z,engine,0.980377197265625,0.16667938232421875,0,100,,,60,0,60,
6,2021-11-19T04:17:33.000Z,114.1296292,22.2798684,0,100,2021-11-19T04:17:00.000Z,2021-11-19T04:18:00.000Z,engine,0.980377197265625,0.16667938232421875,0,100,,,60,0,60,
6,2021-11-19T04:18:33.000Z,114.1296292,22.2798684,0,100,2021-11-19T04:18:00.000Z,2021-11-19T04:19:00.000Z,engine,0.980377197265625,0.16667938232421875,0,100,,,60,0,60,
6,2021-11-19T04:19:33.000Z,114.1296292,22.2798684,0,100,2021-11-19T04:19:00.000Z,2021-11-19T04:20:00.000Z,engine,0.980377197265625,0.16667938232421875,0,100,,,60,0,60,
6,2021-11-19T04:20:33.000Z,114.1292576,22.2806829,0,100,2021-11-19T04:20:00.000Z,2021-11-19T04:21:00.000Z,engine,0.980377197265625,0.16667938232421875,0,100,,,60,0,60,
6,2021-11-19T04:21:33.000Z,114.1288861,22.2820784,1,0,2021-11-19T04:21:00.000Z,2021-11-19T04:22:00.000Z,fallback_no_buildings,0.980377197265625,0.16667938232421875,0.16667938232421875,83.33206176757812,,,60,10.000762939453125,49.999237060546875,
6,2021-11-19T04:22:33.000Z,114.1288861,22.2820784,1,0,2021-11-19T04:22:00.000Z,2021-11-19T04:23:00.000Z,fallback_no_buildings,0.980377197265625,0.16667938232421875,0.16667938232421875,83.33206176757812,,,60,10.000762939453125,49.999237060546875,
6,2021-11-19T04:23:33.000Z,114.1288861,22.2824857,0,100,2021-11-19T04:23:00.000Z,2021-11-19T04:24:00.000Z,engine,0.980377197265625,0.16667938232421875,0,100,,,60,0,60,
6,2021-11-19T04:24:33.000Z,114.1292576,22.2830666,0,100,2021-11-19T04:24:00.000Z,2021-11-19T04:25:00.000Z,engine,0.980377197265625,0.16667938232421875,0,100,,,60,0,60,
6,2021-11-19T04:25:33.000Z,114.1303724,22.282601,0,100,2021-11-19T04:25:00.000Z,2021-11-19T04:26:00.000Z,engine,0.980377197265625,0.16667938232421875,0,100,,,60,0,60,
6,2021-11-19T04:26:33.000Z,114.130744,22.2838796,0,100,2021-11-19T04:26:00.000Z,2021-11-19T04:27:00.000Z,engine,0.980377197265625,0.16667938232421875,0,100,,,61,0,61,
6,2021-11-19T04:27:34.000Z,114.1318588,22.2857976,1,0,2021-11-19T04:27:00.000Z,2021-11-19T04:28:00.000Z,engine,0.980377197265625,0.16667938232421875,0.16667938232421875,83.33206176757812,,,60,10.000762939453125,49.999237060546875,
6,2021-11-19T04:28:34.000Z,114.1318588,22.2857976,1,0,2021-11-19T04:28:00.000Z,2021-11-19T04:29:00.000Z,engine,0.980377197265625,0.16667938232421875,0.16667938232421875,83.33206176757812,,,48,8.0006103515625,39.9993896484375,
6,2021-11-19T04:29:22.000Z,114.1300008,22.2829498,1,0,2021-11-19T04:29:00.000Z,2021-11-19T04:30:00.000Z,fallback_no_buildings,0.980377197265625,0.16667938232421875,0.16667938232421875,83.33206176757812,,,60,10.000762939453125,49.999237060546875,
6,2021-11-19T04:30:22.000Z,114.1292576,22.2829498,0,100,2021-11-19T04:30:00.000Z,2021-11-19T04:31:00.000Z,engine,0.980377197265625,0.16667938232421875,0,100,,,60,0,60,
6,2021-11-19T04:31:22.000Z,114.1285145,22.2821368,0,100,2021-11-19T04:31:00.000Z,2021-11-19T04:32:00.000Z,engine,0.980377197265625,0.16667938232421875,0,100,,,60,0,60,
6,2021-11-19T04:32:22.000Z,114.1292576,22.2823689,0,100,2021-11-19T04:32:00.000Z,2021-11-19T04:33:00.000Z,engine,0.980377197265625,0.16667938232421875,0,100,,,60,0,60,
6,2021-11-19T04:33:22.000Z,114.1292576,22.2823689,0,100,2021-11-19T04:33:00.000Z,2021-11-19T04:34:00.000Z,engine,0.980377197265625,0.16667938232421875,0,100,,,60,0,60,
6,2021-11-19T04:34:22.000Z,114.1292576,22.2823689,0,100,2021-11-19T04:34:00.000Z,2021-11-19T04:35:00.000Z,engine,0.980377197265625,0.16667938232421875,0,100,,,61,0,61,
6,2021-11-19T04:35:23.000Z,114.1292576,22.2823689,0,100,2021-11-19T04:35:00.000Z,2021-11-19T04:36:00.000Z,engine,0.980377197265625,0.16667938232421875,0,100,,,60,0,60,
7,2021-11-19T04:36:23.000Z,114.1292576,22.2823689,0,100,2021-11-19T04:36:00.000Z,2021-11-19T04:37:00.000Z,engine,0.980377197265625,0.16667938232421875,0,100,,,60,0,60,
7,2021-11-19T04:37:23.000Z,114.1292576,22.2823689,0,100,2021-11-19T04:37:00.000Z,2021-11-19T04:38:00.000Z,engine,0.980377197265625,0.16667938232421875,0,100,,,60,0,60,
7,2021-11-19T04:38:23.000Z,114.1292576,22.2823689,0,100,2021-11-19T04:38:00.000Z,2021-11-19T04:39:00.000Z,engine,0.980377197265625,0.16667938232421875,0,100,,,61,0,61,
7,2021-11-19T04:39:24.000Z,114.1292576,22.2823689,0,100,2021-11-19T04:39:00.000Z,2021-11-19T04:40:00.000Z,engine,0.980377197265625,0.16667938232421875,0,100,,,60,0,60,
7,2021-11-19T04:40:24.000Z,114.1292576,22.2823689,0,100,2021-11-19T04:40:00.000Z,2021-11-19T04:41:00.000Z,engine,0.980377197265625,0.16667938232421875,0,100,,,60,0,60,
7,2021-11-19T04:41:24.000Z,114.1292576,22.2823689,0,100,2021-11-19T04:41:00.000Z,2021-11-19T04:42:00.000Z,engine,0.980377197265625,0.16667938232421875,0,100,,,60,0,60,
7,2021-11-19T04:42:24.000Z,114.1292576,22.2823689,0,100,2021-11-19T04:42:00.000Z,2021-11-19T04:43:00.000Z,engine,0.980377197265625,0.16667938232421875,0,100,,,68.5,0,68.5,
7,2021-11-19T04:43:32.500Z,114.1292576,22.2823689,0,100,2021-11-19T04:43:00.000Z,2021-11-19T04:44:00.000Z,engine,0.980377197265625,0.16667938232421875,0,100,,,66.5,0,66.5,
7,2021-11-19T04:44:39.000Z,114.1292576,22.2823689,0,100,2021-11-19T04:44:00.000Z,2021-11-19T04:45:00.000Z,engine,0.980377197265625,0.16667938232421875,0,100,,,58,0,58,
7,2021-11-19T04:45:37.000Z,114.1292576,22.2823689,0,100,2021-11-19T04:45:00.000Z,2021-11-19T04:46:00.000Z,engine,0.980377197265625,0.16667938232421875,0,100,,,61,0,61,
7,2021-11-19T04:46:38.000Z,114.1292576,22.2823689,0,100,2021-11-19T04:46:00.000Z,2021-11-19T04:47:00.000Z,engine,0.980377197265625,0.16667938232421875,0,100,,,60,0,60,
7,2021-11-19T04:47:38.000Z,114.1292576,22.2823689,0,100,2021-11-19T04:47:00.000Z,2021-11-19T04:48:00.000Z,engine,0.980377197265625,0.16667938232421875,0,100,,,60,0,60,
7,2021-11-19T04:48:38.000Z,114.1292576,22.2823689,0,100,2021-11-19T04:48:00.000Z,2021-11-19T04:49:00.000Z,engine,0.980377197265625,0.16667938232421875,0,100,,,61,0,61,
7,2021-11-19T04:49:39.000Z,114.1292576,22.2823689,0,100,2021-11-19T04:49:00.000Z,2021-11-19T04:50:00.000Z,engine,0.980377197265625,0.16667938232421875,0,100,,,60,0,60,
7,2021-11-19T04:50:39.000Z,114.1292576,22.2823689,0,100,2021-11-19T04:50:00.000Z,2021-11-19T04:51:00.000Z,engine,0.980377197265625,0.16667938232421875,0,100,,,60,0,60,
7,2021-11-19T04:51:39.000Z,114.1292576,22.2823689,0,100,2021-11-19T04:51:00.000Z,2021-11-19T04:52:00.000Z,engine,0.980377197265625,0.16667938232421875,0,100,,,60,0,60,
7,2021-11-19T04:52:39.000Z,114.1292576,22.2823689,0,100,2021-11-19T04:52:00.000Z,2021-11-19T04:53:00.000Z,engine,0.980377197265625,0.16667938232421875,0,100,,,50.5,0,50.5,
7,2021-11-19T04:53:29.500Z,114.1292576,22.2823689,0,100,2021-11-19T04:53:00.000Z,2021-11-19T04:54:00.000Z,engine,0.980377197265625,0.16667938232421875,0,100,,,50.5,0,50.5,
7,2021-11-19T04:54:20.000Z,114.1292576,22.2823689,0,100,2021-11-19T04:54:00.000Z,2021-11-19T04:55:00.000Z,engine,0.980377197265625,0.16667938232421875,0,100,,,60,0,60,
7,2021-11-19T04:55:20.000Z,114.1292576,22.2823689,0,100,2021-11-19T04:55:00.000Z,2021-11-19T04:56:00.000Z,engine,0.980377197265625,0.16667938232421875,0,100,,,60,0,60,
7,2021-11-19T04:56:20.000Z,114.1292576,22.2823689,0,100,2021-11-19T04:56:00.000Z,2021-11-19T04:57:00.000Z,engine,0.980377197265625,0.16667938232421875,0,100,,,70.5,0,70.5,
7,2021-11-19T04:57:30.500Z,114.1292576,22.2823689,0,100,2021-11-19T04:57:00.000Z,2021-11-19T04:58:00.000Z,engine,0.980377197265625,0.16667938232421875,0,100,,,63.5,0,63.5,
7,2021-11-19T04:58:34.000Z,114.1292576,22.2823689,0,100,2021-11-19T04:58:00.000Z,2021-11-19T04:59:00.000Z,engine,0.980377197265625,0.16667938232421875,0,100,,,61,0,61,
7,2021-11-19T04:59:35.000Z,114.1292576,22.2823689,0,100,2021-11-19T04:59:00.000Z,2021-11-19T05:00:00.000Z,engine,0.980377197265625,0.16667938232421875,0,100,,,60,0,60,
7,2021-11-19T05:00:35.000Z,114.1292576,22.2823689,0,100,2021-11-19T05:00:00.000Z,2021-11-19T05:01:00.000Z,engine,0.9482421875,0.19399414062499998,0,100,,,60,0,60,
7,2021-11-19T05:01:35.000Z,114.1292576,22.2823689,0,100,2021-11-19T05:01:00.000Z,2021-11-19T05:02:00.000Z,engine,0.9482421875,0.19399414062499998,0,100,,,60,0,60,
7,2021-11-19T05:02:35.000Z,114.1292576,22.2823689,0,100,2021-11-19T05:02:00.000Z,2021-11-19T05:03:00.000Z,engine,0.9482421875,0.19399414062499998,0,100,,,60,0,60,
7,2021-11-19T05:03:35.000Z,114.1292576,22.2823689,0,100,2021-11-19T05:03:00.000Z,2021-11-19T05:04:00.000Z,engine,0.9482421875,0.19399414062499998,0,100,,,60,0,60,
7,2021-11-19T05:04:35.000Z,114.1292576,22.2823689,0,100,2021-11-19T05:04:00.000Z,2021-11-19T05:05:00.000Z,engine,0.9482421875,0.19399414062499998,0,100,,,60,0,60,
7,2021-11-19T05:05:35.000Z,114.1292576,22.2823689,0,100,2021-11-19T05:05:00.000Z,2021-11-19T05:06:00.000Z,engine,0.9482421875,0.19399414062499998,0,100,,,60,0,60,
7,2021-11-19T05:06:35.000Z,114.1292576,22.2823689,0,100,2021-11-19T05:06:00.000Z,2021-11-19T05:07:00.000Z,engine,0.9482421875,0.19399414062499998,0,100,,,60,0,60,
7,2021-11-19T05:07:35.000Z,114.1292576,22.2823689,0,100,2021-11-19T05:07:00.000Z,2021-11-19T05:08:00.000Z,engine,0.9482421875,0.19399414062499998,0,100,,,60,0,60,
7,2021-11-19T05:08:35.000Z,114.1292576,22.2823689,0,100,2021-11-19T05:08:00.000Z,2021-11-19T05:09:00.000Z,engine,0.9482421875,0.19399414062499998,0,100,,,60,0,60,
7,2021-11-19T05:09:35.000Z,114.1292576,22.2823689,0,100,2021-11-19T05:09:00.000Z,2021-11-19T05:10:00.000Z,engine,0.9482421875,0.19399414062499998,0,100,,,45.5,0,45.5,
7,2021-11-19T05:10:20.500Z,114.1292576,22.2823689,0,100,2021-11-19T05:10:00.000Z,2021-11-19T05:11:00.000Z,engine,0.9482421875,0.19399414062499998,0,100,,,73.5,0,73.5,
7,2021-11-19T05:11:34.000Z,114.1292576,22.2823689,0,100,2021-11-19T05:11:00.000Z,2021-11-19T05:12:00.000Z,engine,0.9482421875,0.19399414062499998,0,100,,,46,0,46,
7,2021-11-19T05:12:20.000Z,114.1292576,22.2823689,0,100,2021-11-19T05:12:00.000Z,2021-11-19T05:13:00.000Z,engine,0.9482421875,0.19399414062499998,0,100,,,60,0,60,
7,2021-11-19T05:13:20.000Z,114.1292576,22.2823689,0,100,2021-11-19T05:13:00.000Z,2021-11-19T05:14:00.000Z,engine,0.9482421875,0.19399414062499998,0,100,,,60,0,60,
7,2021-11-19T05:14:20.000Z,114.1292576,22.2823689,0,100,2021-11-19T05:14:00.000Z,2021-11-19T05:15:00.000Z,engine,0.9482421875,0.19399414062499998,0,100,,,63,0,63,
7,2021-11-19T05:15:23.000Z,114.1292576,22.2823689,0,100,2021-11-19T05:15:00.000Z,2021-11-19T05:16:00.000Z,engine,0.9482421875,0.19399414062499998,0,100,,,69,0,69,
8,2021-11-19T05:16:32.000Z,114.1292576,22.28202,0,100,2021-11-19T05:16:00.000Z,2021-11-19T05:17:00.000Z,engine,0.9482421875,0.19399414062499998,0,100,,,50,0,50,
8,2021-11-19T05:17:22.000Z,114.1294434,22.28219445,1,0,2021-11-19T05:17:00.000Z,2021-11-19T05:18:00.000Z,fallback_no_buildings,0.9482421875,0.19399414062499998,0.19399414062499998,80.6005859375,,,60,11.639648437499998,48.3603515625,
8,2021-11-19T05:18:22.000Z,114.1292576,22.2820492,1,0,2021-11-19T05:18:00.000Z,2021-11-19T05:19:00.000Z,fallback_no_buildings,0.9482421875,0.19399414062499998,0.19399414062499998,80.6005859375,,,61,11.833642578124998,49.166357421875,
8,2021-11-19T05:19:23.000Z,114.1288861,22.2820784,1,0,2021-11-19T05:19:00.000Z,2021-11-19T05:20:00.000Z,fallback_no_buildings,0.9482421875,0.19399414062499998,0.19399414062499998,80.6005859375,,,60,11.639648437499998,48.3603515625,
8,2021-11-19T05:20:23.000Z,114.1292576,22.28202,0,100,2021-11-19T05:20:00.000Z,2021-11-19T05:21:00.000Z,engine,0.9482421875,0.19399414062499998,0,100,,,61,0,61,
8,2021-11-19T05:21:24.000Z,114.1294434,22.28216525,1,0,2021-11-19T05:21:00.000Z,2021-11-19T05:22:00.000Z,fallback_no_buildings,0.9482421875,0.19399414062499998,0.19399414062499998,80.6005859375,,,60,11.639648437499998,48.3603515625,
8,2021-11-19T05:22:24.000Z,114.1292576,22.28202,0,100,2021-11-19T05:22:00.000Z,2021-11-19T05:23:00.000Z,engine,0.9482421875,0.19399414062499998,0,100,,,61,0,61,
8,2021-11-19T05:23:25.000Z,114.1292576,22.28202,0,100,2021-11-19T05:23:00.000Z,2021-11-19T05:24:00.000Z,engine,0.9482421875,0.19399414062499998,0,100,,,61,0,61,
8,2021-11-19T05:24:26.000Z,114.1292576,22.28202,0,100,2021-11-19T05:24:00.000Z,2021-11-19T05:25:00.000Z,engine,0.9482421875,0.19399414062499998,0,100,,,61,0,61,
8,2021-11-19T05:25:27.000Z,114.1294434,22.28219445,1,0,2021-11-19T05:25:00.000Z,2021-11-19T05:26:00.000Z,fallback_no_buildings,0.9482421875,0.19399414062499998,0.19399414062499998,80.6005859375,,,55,10.669677734374998,44.330322265625,
8,2021-11-19T05:26:22.000Z,114.1292576,22.28202,0,100,2021-11-19T05:26:00.000Z,2021-11-19T05:27:00.000Z,engine,0.9482421875,0.19399414062499998,0,100,,,61,0,61,
8,2021-11-19T05:27:23.000Z,114.1292576,22.28202,0,100,2021-11-19T05:27:00.000Z,2021-11-19T05:28:00.000Z,engine,0.9482421875,0.19399414062499998,0,100,,,60,0,60,
8,2021-11-19T05:28:23.000Z,114.1296292,22.2823105,1,0,2021-11-19T05:28:00.000Z,2021-11-19T05:29:00.000Z,fallback_no_buildings,0.9482421875,0.19399414062499998,0.19399414062499998,80.6005859375,,,61,11.833642578124998,49.166357421875,
8,2021-11-19T05:29:24.000Z,114.1292576,22.28202,0,100,2021-11-19T05:29:00.000Z,2021-11-19T05:30:00.000Z,engine,0.9482421875,0.19399414062499998,0,100,,,61,0,61,
8,2021-11-19T05:30:25.000Z,114.1292576,22.28202,0,100,2021-11-19T05:30:00.000Z,2021-11-19T05:31:00.000Z,engine,0.9482421875,0.19399414062499998,0,100,,,60,0,60,
8,2021-11-19T05:31:25.000Z,114.1292576,22.28202,0,100,2021-11-19T05:31:00.000Z,2021-11-19T05:32:00.000Z,engine,0.9482421875,0.19399414062499998,0,100,,,61,0,61,
8,2021-11-19T05:32:26.000Z,114.1292576,22.28202,0,100,2021-11-19T05:32:00.000Z,2021-11-19T05:33:00.000Z,engine,0.9482421875,0.19399414062499998,0,100,,,61,0,61,
8,2021-11-19T05:33:27.000Z,114.1296292,22.2823105,1,0,2021-11-19T05:33:00.000Z,2021-11-19T05:34:00.000Z,fallback_no_buildings,0.9482421875,0.19399414062499998,0.19399414062499998,80.6005859375,,,61,11.833642578124998,49.166357421875,
8,2021-11-19T05:34:28.000Z,114.1292576,22.2820784,1,0,2021-11-19T05:34:00.000Z,2021-11-19T05:35:00.000Z,fallback_no_buildings,0.9482421875,0.19399414062499998,0.19399414062499998,80.6005859375,,,60,11.639648437499998,48.3603515625,
8,2021-11-19T05:35:28.000Z,114.1288861,22.2820784,1,0,2021-11-19T05:35:00.000Z,2021-11-19T05:36:00.000Z,fallback_no_buildings,0.9482421875,0.19399414062499998,0.19399414062499998,80.6005859375,,,61,11.833642578124998,49.166357421875,
8,2021-11-19T05:36:29.000Z,114.1292576,22.28202,0,100,2021-11-19T05:36:00.000Z,2021-11-19T05:37:00.000Z,engine,0.9482421875,0.19399414062499998,0,100,,,56,0,56,
8,2021-11-19T05:37:25.000Z,114.1292576,22.28202,0,100,2021-11-19T05:37:00.000Z,2021-11-19T05:38:00.000Z,engine,0.9482421875,0.19399414062499998,0,100,,,60,0,60,
8,2021-11-19T05:38:25.000Z,114.1292576,22.28202,0,100,2021-11-19T05:38:00.000Z,2021-11-19T05:39:00.000Z,engine,0.9482421875,0.19399414062499998,0,100,,,56,0,56,
8,2021-11-19T05:39:21.000Z,114.1292576,22.28202,0,100,2021-11-19T05:39:00.000Z,2021-11-19T05:40:00.000Z,engine,0.9482421875,0.19399414062499998,0,100,,,61,0,61,
8,2021-11-19T05:40:22.000Z,114.1288861,22.2820784,1,0,2021-11-19T05:40:00.000Z,2021-11-19T05:41:00.000Z,fallback_no_buildings,0.9482421875,0.19399414062499998,0.19399414062499998,80.6005859375,,,60,11.639648437499998,48.3603515625,
8,2021-11-19T05:41:22.000Z,114.1292576,22.2823689,0,100,2021-11-19T05:41:00.000Z,2021-11-19T05:42:00.000Z,engine,0.9482421875,0.19399414062499998,0,100,,,61,0,61,
8,2021-11-19T05:42:23.000Z,114.1292576,22.2823689,0,100,2021-11-19T05:42:00.000Z,2021-11-19T05:43:00.000Z,engine,0.9482421875,0.19399414062499998,0,100,,,61,0,61,
8,2021-11-19T05:43:24.000Z,114.1294434,22.28251415,0,100,2021-11-19T05:43:00.000Z,2021-11-19T05:44:00.000Z,engine,0.9482421875,0.19399414062499998,0,100,,,60,0,60,
8,2021-11-19T05:44:24.000Z,114.1292576,22.2823689,0,100,2021-11-19T05:44:00.000Z,2021-11-19T05:45:00.000Z,engine,0.9482421875,0.19399414062499998,0,100,,,61,0,61,
8,2021-11-19T05:45:25.000Z,114.1292576,22.2823689,0,100,2021-11-19T05:45:00.000Z,2021-11-19T05:46:00.000Z,engine,0.9482421875,0.19399414062499998,0,100,,,61,0,61,
9,2021-11-19T05:46:26.000Z,114.1294434,22.28251415,0,100,2021-11-19T05:46:00.000Z,2021-11-19T05:47:00.000Z,engine,0.9482421875,0.19399414062499998,0,100,,,60,0,60,
9,2021-11-19T05:47:26.000Z,114.1294434,22.28251415,0,100,2021-11-19T05:47:00.000Z,2021-11-19T05:48:00.000Z,engine,0.9482421875,0.19399414062499998,0,100,,,61,0,61,
9,2021-11-19T05:48:27.000Z,114.1294434,22.28251415,0,100,2021-11-19T05:48:00.000Z,2021-11-19T05:49:00.000Z,engine,0.9482421875,0.19399414062499998,0,100,,,61,0,61,
9,2021-11-19T05:49:28.000Z,114.1294434,22.28251415,0,100,2021-11-19T05:49:00.000Z,2021-11-19T05:50:00.000Z,engine,0.9482421875,0.19399414062499998,0,100,,,60,0,60,
9,2021-11-19T05:50:28.000Z,114.1292576,22.2823689,0,100,2021-11-19T05:50:00.000Z,2021-11-19T05:51:00.000Z,engine,0.9482421875,0.19399414062499998,0,100,,,61,0,61,
9,2021-11-19T05:51:29.000Z,114.1296292,22.2826594,1,0,2021-11-19T05:51:00.000Z,2021-11-19T05:52:00.000Z,engine,0.9482421875,0.19399414062499998,0.19399414062499998,80.6005859375,,,55,10.669677734374998,44.330322265625,
9,2021-11-19T05:52:24.000Z,114.1296292,22.2826594,1,0,2021-11-19T05:52:00.000Z,2021-11-19T05:53:00.000Z,engine,0.9482421875,0.19399414062499998,0.19399414062499998,80.6005859375,,,61,11.833642578124998,49.166357421875,
9,2021-11-19T05:53:25.000Z,114.1292576,22.2823689,0,100,2021-11-19T05:53:00.000Z,2021-11-19T05:54:00.000Z,engine,0.9482421875,0.19399414062499998,0,100,,,56,0,56,
9,2021-11-19T05:54:21.000Z,114.1292576,22.2823689,0,100,2021-11-19T05:54:00.000Z,2021-11-19T05:55:00.000Z,engine,0.9482421875,0.19399414062499998,0,100,,,61,0,61,
9,2021-11-19T05:55:22.000Z,114.1292576,22.2823689,0,100,2021-11-19T05:55:00.000Z,2021-11-19T05:56:00.000Z,engine,0.9482421875,0.19399414062499998,0,100,,,60,0,60,
9,2021-11-19T05:56:22.000Z,114.1292576,22.2823689,0,100,2021-11-19T05:56:00.000Z,2021-11-19T05:57:00.000Z,engine,0.9482421875,0.19399414062499998,0,100,,,61,0,61,
9,2021-11-19T05:57:23.000Z,114.1292576,22.2823689,0,100,2021-11-19T05:57:00.000Z,2021-11-19T05:58:00.000Z,engine,0.9482421875,0.19399414062499998,0,100,,,45,0,45,
9,2021-11-19T05:58:08.000Z,114.1292576,22.2823689,0,100,2021-11-19T05:58:00.000Z,2021-11-19T05:59:00.000Z,engine,0.9482421875,0.19399414062499998,0,100,,,52,0,52,
9,2021-11-19T05:59:00.000Z,0,0,0,0,2021-11-19T05:59:00.000Z,2021-11-19T06:00:00.000Z,fallback_error,0.282440185546875,0.7599258422851562,0,100,,,60,0,60,
9,2021-11-19T06:00:00.000Z,0,0,0,0,2021-11-19T06:00:00.000Z,2021-11-19T06:01:00.000Z,fallback_error,0.282440185546875,0.7599258422851562,0,100,,,60,0,60,
9,2021-11-19T06:01:00.000Z,0,0,0,0,2021-11-19T06:01:00.000Z,2021-11-19T06:02:00.000Z,fallback_error,0.282440185546875,0.7599258422851562,0,100,,,60,0,60,
9,2021-11-19T06:02:00.000Z,0,0,0,0,2021-11-19T06:02:00.000Z,2021-11-19T06:03:00.000Z,fallback_error,0.282440185546875,0.7599258422851562,0,100,,,60,0,60,
9,2021-11-19T06:03:00.000Z,0,0,0,0,2021-11-19T06:03:00.000Z,2021-11-19T06:04:00.000Z,fallback_error,0.282440185546875,0.7599258422851562,0,100,,,60,0,60,
9,2021-11-19T06:04:00.000Z,0,0,0,0,2021-11-19T06:04:00.000Z,2021-11-19T06:05:00.000Z,fallback_error,0.282440185546875,0.7599258422851562,0,100,,,60,0,60,
9,2021-11-19T06:05:00.000Z,0,0,0,0,2021-11-19T06:05:00.000Z,2021-11-19T06:06:00.000Z,fallback_error,0.282440185546875,0.7599258422851562,0,100,,,60,0,60,
9,2021-11-19T06:06:00.000Z,0,0,0,0,2021-11-19T06:06:00.000Z,2021-11-19T06:07:00.000Z,fallback_error,0.282440185546875,0.7599258422851562,0,100,,,60,0,60,
9,2021-11-19T06:07:00.000Z,0,0,0,0,2021-11-19T06:07:00.000Z,2021-11-19T06:08:00.000Z,fallback_error,0.282440185546875,0.7599258422851562,0,100,,,60,0,60,
9,2021-11-19T06:08:00.000Z,0,0,0,0,2021-11-19T06:08:00.000Z,2021-11-19T06:09:00.000Z,fallback_error,0.282440185546875,0.7599258422851562,0,100,,,60,0,60,
9,2021-11-19T06:09:00.000Z,0,0,0,0,2021-11-19T06:09:00.000Z,2021-11-19T06:10:00.000Z,fallback_error,0.282440185546875,0.7599258422851562,0,100,,,60,0,60,
9,2021-11-19T06:10:00.000Z,0,0,0,0,2021-11-19T06:10:00.000Z,2021-11-19T06:11:00.000Z,fallback_error,0.282440185546875,0.7599258422851562,0,100,,,60,0,60,
9,2021-11-19T06:11:00.000Z,0,0,0,0,2021-11-19T06:11:00.000Z,2021-11-19T06:12:00.000Z,fallback_error,0.282440185546875,0.7599258422851562,0,100,,,60,0,60,
9,2021-11-19T06:12:00.000Z,0,0,0,0,2021-11-19T06:12:00.000Z,2021-11-19T06:13:00.000Z,fallback_error,0.282440185546875,0.7599258422851562,0,100,,,60,0,60,
9,2021-11-19T06:13:00.000Z,0,0,0,0,2021-11-19T06:13:00.000Z,2021-11-19T06:14:00.000Z,fallback_error,0.282440185546875,0.7599258422851562,0,100,,,60,0,60,
9,2021-11-19T06:14:00.000Z,0,0,0,0,2021-11-19T06:14:00.000Z,2021-11-19T06:15:00.000Z,fallback_error,0.282440185546875,0.7599258422851562,0,100,,,60,0,60,
9,2021-11-19T06:15:00.000Z,0,0,0,0,2021-11-19T06:15:00.000Z,2021-11-19T06:16:00.000Z,fallback_error,0.282440185546875,0.7599258422851562,0,100,,,60,0,60,
9,2021-11-19T06:16:00.000Z,0,0,0,0,2021-11-19T06:16:00.000Z,2021-11-19T06:17:00.000Z,fallback_error,0.282440185546875,0.7599258422851562,0,100,,,60,0,60,
9,2021-11-19T06:17:00.000Z,0,0,0,0,2021-11-19T06:17:00.000Z,2021-11-19T06:18:00.000Z,fallback_error,0.282440185546875,0.7599258422851562,0,100,,,60,0,60,
9,2021-11-19T06:18:00.000Z,0,0,0,0,2021-11-19T06:18:00.000Z,2021-11-19T06:19:00.000Z,fallback_error,0.282440185546875,0.7599258422851562,0,100,,,98,0,98,
9,2021-11-19T06:19:38.000Z,114.1292576,22.2823689,0,100,2021-11-19T06:19:00.000Z,2021-11-19T06:20:00.000Z,engine,0.977691650390625,0.16896209716796873,0,100,,,50,0,50,
9,2021-11-19T06:20:28.000Z,114.1292576,22.2823689,0,100,2021-11-19T06:20:00.000Z,2021-11-19T06:21:00.000Z,engine,0.977691650390625,0.16896209716796873,0,100,,,61,0,61,
9,2021-11-19T06:21:29.000Z,114.1292576,22.2823689,0,100,2021-11-19T06:21:00.000Z,2021-11-19T06:22:00.000Z,engine,0.977691650390625,0.16896209716796873,0,100,,,55,0,55,
9,2021-11-19T06:22:24.000Z,114.1292576,22.2823689,0,100,2021-11-19T06:22:00.000Z,2021-11-19T06:23:00.000Z,engine,0.977691650390625,0.16896209716796873,0,100,,,61,0,61,
9,2021-11-19T06:23:25.000Z,114.1292576,22.2823689,0,100,2021-11-19T06:23:00.000Z,2021-11-19T06:24:00.000Z,engine,0.977691650390625,0.16896209716796873,0,100,,,61,0,61,
9,2021-11-19T06:24:26.000Z,114.1292576,22.2823689,0,100,2021-11-19T06:24:00.000Z,2021-11-19T06:25:00.000Z,engine,0.977691650390625,0.16896209716796873,0,100,,,55,0,55,
9,2021-11-19T06:25:21.000Z,114.1292576,22.2823689,0,100,2021-11-19T06:25:00.000Z,2021-11-19T06:26:00.000Z,engine,0.977691650390625,0.16896209716796873,0,100,,,61,0,61,
9,2021-11-19T06:26:22.000Z,114.1292576,22.2823689,0,100,2021-11-19T06:26:00.000Z,2021-11-19T06:27:00.000Z,engine,0.977691650390625,0.16896209716796873,0,100,,,61,0,61,
9,2021-11-19T06:27:23.000Z,114.1292576,22.2823689,0,100,2021-11-19T06:27:00.000Z,2021-11-19T06:28:00.000Z,engine,0.977691650390625,0.16896209716796873,0,100,,,60,0,60,
9,2021-11-19T06:28:23.000Z,114.1292576,22.2823689,0,100,2021-11-19T06:28:00.000Z,2021-11-19T06:29:00.000Z,engine,0.977691650390625,0.16896209716796873,0,100,,,61,0,61,
9,2021-11-19T06:29:24.000Z,114.1292576,22.2823689,0,100,2021-11-19T06:29:00.000Z,2021-11-19T06:30:00.000Z,engine,0.977691650390625,0.16896209716796873,0,100,,,60,0,60,
9,2021-11-19T06:30:24.000Z,114.1292576,22.2823689,0,100,2021-11-19T06:30:00.000Z,2021-11-19T06:31:00.000Z,engine,0.977691650390625,0.16896209716796873,0,100,,,61,0,61,
9,2021-11-19T06:31:25.000Z,114.1294434,22.28251415,0,100,2021-11-19T06:31:00.000Z,2021-11-19T06:32:00.000Z,engine,0.977691650390625,0.16896209716796873,0,100,,,61,0,61,
9,2021-11-19T06:32:26.000Z,114.1292576,22.2823689,0,100,2021-11-19T06:32:00.000Z,2021-11-19T06:33:00.000Z,engine,0.977691650390625,0.16896209716796873,0,100,,,61,0,61,
9,2021-11-19T06:33:27.000Z,114.1292576,22.2823689,0,100,2021-11-19T06:33:00.000Z,2021-11-19T06:34:00.000Z,engine,0.977691650390625,0.16896209716796873,0,100,,,60,0,60,
9,2021-11-19T06:34:27.000Z,114.1292576,22.2823689,0,100,2021-11-19T06:34:00.000Z,2021-11-19T06:35:00.000Z,engine,0.977691650390625,0.16896209716796873,0,100,,,61,0,61,
9,2021-11-19T06:35:28.000Z,114.1292576,22.2823689,0,100,2021-11-19T06:35:00.000Z,2021-11-19T06:36:00.000Z,engine,0.977691650390625,0.16896209716796873,0,100,,,61,0,61,
9,2021-11-19T06:36:29.000Z,114.1294434,22.2823689,0,100,2021-11-19T06:36:00.000Z,2021-11-19T06:37:00.000Z,engine,0.977691650390625,0.16896209716796873,0,100,,,60,0,60,
9,2021-11-19T06:37:29.000Z,114.1292576,22.2823689,0,100,2021-11-19T06:37:00.000Z,2021-11-19T06:38:00.000Z,engine,0.977691650390625,0.16896209716796873,0,100,,,56,0,56,
9,2021-11-19T06:38:25.000Z,114.1296292,22.2826594,1,0,2021-11-19T06:38:00.000Z,2021-11-19T06:39:00.000Z,engine,0.977691650390625,0.16896209716796873,0.16896209716796873,83.10379028320312,,,60,10.137725830078123,49.862274169921875,
9,2021-11-19T06:39:25.000Z,114.1296292,22.2826594,1,0,2021-11-19T06:39:00.000Z,2021-11-19T06:40:00.000Z,engine,0.977691650390625,0.16896209716796873,0.16896209716796873,83.10379028320312,,,56,9.461877441406248,46.53812255859375,
9,2021-11-19T06:40:21.000Z,114.1296292,22.2826594,1,0,2021-11-19T06:40:00.000Z,2021-11-19T06:41:00.000Z,engine,0.977691650390625,0.16896209716796873,0.16896209716796873,83.10379028320312,,,61,10.306687927246092,50.693312072753905,
9,2021-11-19T06:41:22.000Z,114.1292576,22.2823689,0,100,2021-11-19T06:41:00.000Z,2021-11-19T06:42:00.000Z,engine,0.977691650390625,0.16896209716796873,0,100,,,60,0,60,
9,2021-11-19T06:42:22.000Z,114.1292576,22.2823689,0,100,2021-11-19T06:42:00.000Z,2021-11-19T06:43:00.000Z,engine,0.977691650390625,0.16896209716796873,0,100,,,61,0,61,
9,2021-11-19T06:43:23.000Z,114.1292576,22.2823689,0,100,2021-11-19T06:43:00.000Z,2021-11-19T06:44:00.000Z,engine,0.977691650390625,0.16896209716796873,0,100,,,62.5,0,62.5,
9,2021-11-19T06:44:25.500Z,114.1292576,22.2823689,0,100,2021-11-19T06:44:00.000Z,2021-11-19T06:45:00.000Z,engine,0.977691650390625,0.16896209716796873,0,100,,,58.5,0,58.5,
9,2021-11-19T06:45:24.000Z,114.1292576,22.2823689,0,100,2021-11-19T06:45:00.000Z,2021-11-19T06:46:00.000Z,engine,0.977691650390625,0.16896209716796873,0,100,,,61,0,61,
9,2021-11-19T06:46:25.000Z,114.1292576,22.2823689,0,100,2021-11-19T06:46:00.000Z,2021-11-19T06:47:00.000Z,engine,0.977691650390625,0.16896209716796873,0,100,,,60.5,0,60.5,
9,2021-11-19T06:47:25.500Z,114.1292576,22.2823689,0,100,2021-11-19T06:47:00.000Z,2021-11-19T06:48:00.000Z,engine,0.977691650390625,0.16896209716796873,0,100,,,60.5,0,60.5,
9,2021-11-19T06:48:26.000Z,114.1292576,22.2823689,0,100,2021-11-19T06:48:00.000Z,2021-11-19T06:49:00.000Z,engine,0.977691650390625,0.16896209716796873,0,100,,,61,0,61,
9,2021-11-19T06:49:27.000Z,114.1296292,22.2826594,1,0,2021-11-19T06:49:00.000Z,2021-11-19T06:50:00.000Z,engine,0.977691650390625,0.16896209716796873,0.16896209716796873,83.10379028320312,,,61,10.306687927246092,50.693312072753905,
9,2021-11-19T06:50:28.000Z,114.1292576,22.2823689,0,100,2021-11-19T06:50:00.000Z,2021-11-19T06:51:00.000Z,engine,0.977691650390625,0.16896209716796873,0,100,,,60,0,60,
9,2021-11-19T06:51:28.000Z,114.1296292,22.2826594,1,0,2021-11-19T06:51:00.000Z,2021-11-19T06:52:00.000Z,engine,0.977691650390625,0.16896209716796873,0.16896209716796873,83.10379028320312,,,61,10.306687927246092,50.693312072753905,
9,2021-11-19T06:52:29.000Z,114.1296292,22.2826594,1,0,2021-11-19T06:52:00.000Z,2021-11-19T06:53:00.000Z,engine,0.977691650390625,0.16896209716796873,0.16896209716796873,83.10379028320312,,,55,9.29291534423828,45.70708465576172,
9,2021-11-19T06:53:24.000Z,114.1292576,22.2823689,0,100,2021-11-19T06:53:00.000Z,2021-11-19T06:54:00.000Z,engine,0.977691650390625,0.16896209716796873,0,100,,,61,0,61,
9,2021-11-19T06:54:25.000Z,114.1292576,22.2823689,0,100,2021-11-19T06:54:00.000Z,2021-11-19T06:55:00.000Z,engine,0.977691650390625,0.16896209716796873,0,100,,,61,0,61,
9,2021-11-19T06:55:26.000Z,114.1292576,22.2823689,0,100,2021-11-19T06:55:00.000Z,2021-11-19T06:56:00.000Z,engine,0.977691650390625,0.16896209716796873,0,100,,,55,0,55,
9,2021-11-19T06:56:21.000Z,114.1292576,22.2823689,0,100,2021-11-19T06:56:00.000Z,2021-11-19T06:57:00.000Z,engine,0.977691650390625,0.16896209716796873,0,100,,,61,0,61,
9,2021-11-19T06:57:22.000Z,114.1292576,22.2823689,0,100,2021-11-19T06:57:00.000Z,2021-11-19T06:58:00.000Z,engine,0.977691650390625,0.16896209716796873,0,100,,,61,0,61,
9,2021-11-19T06:58:23.000Z,114.1292576,22.2823689,0,100,2021-11-19T06:58:00.000Z,2021-11-19T06:59:00.000Z,engine,0.977691650390625,0.16896209716796873,0,100,,,60,0,60,
9,2021-11-19T06:59:23.000Z,114.1296292,22.2826594,1,0,2021-11-19T06:59:00.000Z,2021-11-19T07:00:00.000Z,engine,0.977691650390625,0.16896209716796873,0.16896209716796873,83.10379028320312,,,61,10.306687927246092,50.693312072753905,
9,2021-11-19T07:00:24.000Z,114.1292576,22.2823689,0,100,2021-11-19T07:00:00.000Z,2021-11-19T07:01:00.000Z,engine,0.986907958984375,0.16112823486328132,0,100,,,60,0,60,
9,2021-11-19T07:01:24.000Z,114.1292576,22.2823689,0,100,2021-11-19T07:01:00.000Z,2021-11-19T07:02:00.000Z,engine,0.986907958984375,0.16112823486328132,0,100,,,61,0,61,
9,2021-11-19T07:02:25.000Z,114.1296292,22.2826594,1,0,2021-11-19T07:02:00.000Z,2021-11-19T07:03:00.000Z,engine,0.986907958984375,0.16112823486328132,0.16112823486328132,83.88717651367188,,,61,9.82882232666016,51.17117767333985,
9,2021-11-19T07:03:26.000Z,114.1296292,22.2826594,1,0,2021-11-19T07:03:00.000Z,2021-11-19T07:04:00.000Z,engine,0.986907958984375,0.16112823486328132,0.16112823486328132,83.88717651367188,,,61,9.82882232666016,51.17117767333985,
9,2021-11-19T07:04:27.000Z,114.1296292,22.2826594,1,0,2021-11-19T07:04:00.000Z,2021-11-19T07:05:00.000Z,engine,0.986907958984375,0.16112823486328132,0.16112823486328132,83.88717651367188,,,60,9.667694091796879,50.332305908203125,
9,2021-11-19T07:05:27.000Z,114.1296292,22.2826594,1,0,2021-11-19T07:05:00.000Z,2021-11-19T07:06:00.000Z,engine,0.986907958984375,0.16112823486328132,0.16112823486328132,83.88717651367188,,,61,9.82882232666016,51.17117767333985,
9,2021-11-19T07:06:28.000Z,114.1296292,22.2826594,1,0,2021-11-19T07:06:00.000Z,2021-11-19T07:07:00.000Z,engine,0.986907958984375,0.16112823486328132,0.16112823486328132,83.88717651367188,,,55,8.862052917480472,46.13794708251953,
9,2021-11-19T07:07:23.000Z,114.1296292,22.2826594,1,0,2021-11-19T07:07:00.000Z,2021-11-19T07:08:00.000Z,engine,0.986907958984375,0.16112823486328132,0.16112823486328132,83.88717651367188,,,62,9.989950561523441,52.010049438476564,
9,2021-11-19T07:08:25.000Z,114.1296292,22.2826594,1,0,2021-11-19T07:08:00.000Z,2021-11-19T07:09:00.000Z,engine,0.986907958984375,0.16112823486328132,0.16112823486328132,83.88717651367188,,,61,9.82882232666016,51.17117767333985,
9,2021-11-19T07:09:26.000Z,114.1292576,22.2823689,0,100,2021-11-19T07:09:00.000Z,2021-11-19T07:10:00.000Z,engine,0.986907958984375,0.16112823486328132,0,100,,,60,0,60,
9,2021-11-19T07:10:26.000Z,114.1294434,22.28251415,0,100,2021-11-19T07:10:00.000Z,2021-11-19T07:11:00.000Z,engine,0.986907958984375,0.16112823486328132,0,100,,,61,0,61,
9,2021-11-19T07:11:27.000Z,114.1292576,22.2823689,0,100,2021-11-19T07:11:00.000Z,2021-11-19T07:12:00.000Z,engine,0.986907958984375,0.16112823486328132,0,100,,,61,0,61,
9,2021-11-19T07:12:28.000Z,114.1292576,22.2823689,0,100,2021-11-19T07:12:00.000Z,2021-11-19T07:13:00.000Z,engine,0.986907958984375,0.16112823486328132,0,100,,,60,0,60,
9,2021-11-19T07:13:28.000Z,114.1292576,22.2823689,0,100,2021-11-19T07:13:00.000Z,2021-11-19T07:14:00.000Z,engine,0.986907958984375,0.16112823486328132,0,100,,,61,0,61,
9,2021-11-19T07:14:29.000Z,114.1294434,22.28251415,0,100,2021-11-19T07:14:00.000Z,2021-11-19T07:15:00.000Z,engine,0.986907958984375,0.16112823486328132,0,100,,,56,0,56,
9,2021-11-19T07:15:25.000Z,114.1292576,22.2823689,0,100,2021-11-19T07:15:00.000Z,2021-11-19T07:16:00.000Z,engine,0.986907958984375,0.16112823486328132,0,100,,,60,0,60,
9,2021-11-19T07:16:25.000Z,114.1292576,22.2823689,0,100,2021-11-19T07:16:00.000Z,2021-11-19T07:17:00.000Z,engine,0.986907958984375,0.16112823486328132,0,100,,,56,0,56,
9,2021-11-19T07:17:21.000Z,114.1292576,22.2823689,0,100,2021-11-19T07:17:00.000Z,2021-11-19T07:18:00.000Z,engine,0.986907958984375,0.16112823486328132,0,100,,,61,0,61,
9,2021-11-19T07:18:22.000Z,114.1296292,22.2826594,1,0,2021-11-19T07:18:00.000Z,2021-11-19T07:19:00.000Z,engine,0.986907958984375,0.16112823486328132,0.16112823486328132,83.88717651367188,,,60,9.667694091796879,50.332305908203125,
9,2021-11-19T07:19:22.000Z,114.1292576,22.2823689,0,100,2021-11-19T07:19:00.000Z,2021-11-19T07:20:00.000Z,engine,0.986907958984375,0.16112823486328132,0,100,,,61,0,61,
9,2021-11-19T07:20:23.000Z,114.1294434,22.28251415,0,100,2021-11-19T07:20:00.000Z,2021-11-19T07:21:00.000Z,engine,0.986907958984375,0.16112823486328132,0,100,,,61,0,61,
9,2021-11-19T07:21:24.000Z,114.1296292,22.2826594,1,0,2021-11-19T07:21:00.000Z,2021-11-19T07:22:00.000Z,engine,0.986907958984375,0.16112823486328132,0.16112823486328132,83.88717651367188,,,60,9.667694091796879,50.332305908203125,
9,2021-11-19T07:22:24.000Z,114.1292576,22.2823689,0,100,2021-11-19T07:22:00.000Z,2021-11-19T07:23:00.000Z,engine,0.986907958984375,0.16112823486328132,0,100,,,61,0,61,
9,2021-11-19T07:23:25.000Z,114.1296292,22.2826594,1,0,2021-11-19T07:23:00.000Z,2021-11-19T07:24:00.000Z,engine,0.986907958984375,0.16112823486328132,0.16112823486328132,83.88717651367188,,,61,9.82882232666016,51.17117767333985,
9,2021-11-19T07:24:26.000Z,114.1292576,22.2823689,0,100,2021-11-19T07:24:00.000Z,2021-11-19T07:25:00.000Z,engine,0.986907958984375,0.16112823486328132,0,100,,,60,0,60,
9,2021-11-19T07:25:26.000Z,114.1292576,22.2823689,0,100,2021-11-19T07:25:00.000Z,2021-11-19T07:26:00.000Z,engine,0.986907958984375,0.16112823486328132,0,100,,,61,0,61,
9,2021-11-19T07:26:27.000Z,114.1292576,22.2823689,0,100,2021-11-19T07:26:00.000Z,2021-11-19T07:27:00.000Z,engine,0.986907958984375,0.16112823486328132,0,100,,,60,0,60,
9,2021-11-19T07:27:27.000Z,114.1292576,22.2823689,0,100,2021-11-19T07:27:00.000Z,2021-11-19T07:28:00.000Z,engine,0.986907958984375,0.16112823486328132,0,100,,,61,0,61,
9,2021-11-19T07:28:28.000Z,114.1292576,22.2823689,0,100,2021-11-19T07:28:00.000Z,2021-11-19T07:29:00.000Z,engine,0.986907958984375,0.16112823486328132,0,100,,,61,0,61,
9,2021-11-19T07:29:29.000Z,114.1292576,22.2823689,0,100,2021-11-19T07:29:00.000Z,2021-11-19T07:30:00.000Z,engine,0.986907958984375,0.16112823486328132,0,100,,,55,0,55,
9,2021-11-19T07:30:24.000Z,114.1292576,22.2823689,0,100,2021-11-19T07:30:00.000Z,2021-11-19T07:31:00.000Z,engine,0.986907958984375,0.16112823486328132,0,100,,,61,0,61,
9,2021-11-19T07:31:25.000Z,114.1294434,22.28251415,0,100,2021-11-19T07:31:00.000Z,2021-11-19T07:32:00.000Z,engine,0.986907958984375,0.16112823486328132,0,100,,,61,0,61,
9,2021-11-19T07:32:26.000Z,114.1294434,22.28251415,0,100,2021-11-19T07:32:00.000Z,2021-11-19T07:33:00.000Z,engine,0.986907958984375,0.16112823486328132,0,100,,,55,0,55,
9,2021-11-19T07:33:21.000Z,114.1292576,22.2823689,0,100,2021-11-19T07:33:00.000Z,2021-11-19T07:34:00.000Z,engine,0.986907958984375,0.16112823486328132,0,100,,,61,0,61,
9,2021-11-19T07:34:22.000Z,114.1296292,22.2826594,1,0,2021-11-19T07:34:00.000Z,2021-11-19T07:35:00.000Z,engine,0.986907958984375,0.16112823486328132,0.16112823486328132,83.88717651367188,,,61,9.82882232666016,51.17117767333985,
9,2021-11-19T07:35:23.000Z,114.1296292,22.2826594,1,0,2021-11-19T07:35:00.000Z,2021-11-19T07:36:00.000Z,engine,0.986907958984375,0.16112823486328132,0.16112823486328132,83.88717651367188,,,60,9.667694091796879,50.332305908203125,
9,2021-11-19T07:36:23.000Z,114.1292576,22.2823689,0,100,2021-11-19T07:36:00.000Z,2021-11-19T07:37:00.000Z,engine,0.986907958984375,0.16112823486328132,0,100,,,61,0,61,
9,2021-11-19T07:37:24.000Z,114.1292576,22.2823689,0,100,2021-11-19T07:37:00.000Z,2021-11-19T07:38:00.000Z,engine,0.986907958984375,0.16112823486328132,0,100,,,60,0,60,
9,2021-11-19T07:38:24.000Z,114.1296292,22.2826594,1,0,2021-11-19T07:38:00.000Z,2021-11-19T07:39:00.000Z,engine,0.986907958984375,0.16112823486328132,0.16112823486328132,83.88717651367188,,,61,9.82882232666016,51.17117767333985,
9,2021-11-19T07:39:25.000Z,114.1296292,22.2826594,1,0,2021-11-19T07:39:00.000Z,2021-11-19T07:40:00.000Z,engine,0.986907958984375,0.16112823486328132,0.16112823486328132,83.88717651367188,,,56,9.023181152343753,46.976818847656254,
9,2021-11-19T07:40:21.000Z,114.1292576,22.2823689,0,100,2021-11-19T07:40:00.000Z,2021-11-19T07:41:00.000Z,engine,0.986907958984375,0.16112823486328132,0,100,,,60,0,60,
9,2021-11-19T07:41:21.000Z,114.1292576,22.2823689,0,100,2021-11-19T07:41:00.000Z,2021-11-19T07:42:00.000Z,engine,0.986907958984375,0.16112823486328132,0,100,,,61,0,61,
9,2021-11-19T07:42:22.000Z,114.1292576,22.2823689,0,100,2021-11-19T07:42:00.000Z,2021-11-19T07:43:00.000Z,engine,0.986907958984375,0.16112823486328132,0,100,,,61,0,61,
9,2021-11-19T07:43:23.000Z,114.1296292,22.2826594,1,0,2021-11-19T07:43:00.000Z,2021-11-19T07:44:00.000Z,engine,0.986907958984375,0.16112823486328132,0.16112823486328132,83.88717651367188,,,60,9.667694091796879,50.332305908203125,
9,2021-11-19T07:44:23.000Z,114.1292576,22.2823689,0,100,2021-11-19T07:44:00.000Z,2021-11-19T07:45:00.000Z,engine,0.986907958984375,0.16112823486328132,0,100,,,61,0,61,
9,2021-11-19T07:45:24.000Z,114.1292576,22.2823689,0,100,2021-11-19T07:45:00.000Z,2021-11-19T07:46:00.000Z,engine,0.986907958984375,0.16112823486328132,0,100,,,60,0,60,
9,2021-11-19T07:46:24.000Z,114.1292576,22.2823689,0,100,2021-11-19T07:46:00.000Z,2021-11-19T07:47:00.000Z,engine,0.986907958984375,0.16112823486328132,0,100,,,61,0,61,
9,2021-11-19T07:47:25.000Z,114.1294434,22.28251415,0,100,2021-11-19T07:47:00.000Z,2021-11-19T07:48:00.000Z,engine,0.986907958984375,0.16112823486328132,0,100,,,61,0,61,
9,2021-11-19T07:48:26.000Z,114.1296292,22.2826594,1,0,2021-11-19T07:48:00.000Z,2021-11-19T07:49:00.000Z,engine,0.986907958984375,0.16112823486328132,0.16112823486328132,83.88717651367188,,,60,9.667694091796879,50.332305908203125,
9,2021-11-19T07:49:26.000Z,114.1296292,22.2826594,1,0,2021-11-19T07:49:00.000Z,2021-11-19T07:50:00.000Z,engine,0.986907958984375,0.16112823486328132,0.16112823486328132,83.88717651367188,,,61,9.82882232666016,51.17117767333985,
9,2021-11-19T07:50:27.000Z,114.1294434,22.28251415,0,100,2021-11-19T07:50:00.000Z,2021-11-19T07:51:00.000Z,engine,0.986907958984375,0.16112823486328132,0,100,,,61,0,61,
9,2021-11-19T07:51:28.000Z,114.1296292,22.2826594,1,0,2021-11-19T07:51:00.000Z,2021-11-19T07:52:00.000Z,engine,0.986907958984375,0.16112823486328132,0.16112823486328132,83.88717651367188,,,61,9.82882232666016,51.17117767333985,
9,2021-11-19T07:52:29.000Z,114.1296292,22.2826594,1,0,2021-11-19T07:52:00.000Z,2021-11-19T07:53:00.000Z,engine,0.986907958984375,0.16112823486328132,0.16112823486328132,83.88717651367188,,,55,8.862052917480472,46.13794708251953,
9,2021-11-19T07:53:24.000Z,114.1296292,22.2826594,1,0,2021-11-19T07:53:00.000Z,2021-11-19T07:54:00.000Z,engine,0.986907958984375,0.16112823486328132,0.16112823486328132,83.88717651367188,,,61,9.82882232666016,51.17117767333985,
9,2021-11-19T07:54:25.000Z,114.1296292,22.2826594,1,0,2021-11-19T07:54:00.000Z,2021-11-19T07:55:00.000Z,engine,0.986907958984375,0.16112823486328132,0.16112823486328132,83.88717651367188,,,60.5,9.748258209228519,50.75174179077149,
9,2021-11-19T07:55:25.500Z,114.1296292,22.2826594,1,0,2021-11-19T07:55:00.000Z,2021-11-19T07:56:00.000Z,engine,0.986907958984375,0.16112823486328132,0.16112823486328132,83.88717651367188,,,55.5,8.942617034912113,46.557382965087896,
9,2021-11-19T07:56:21.000Z,114.1296292,22.2826594,1,0,2021-11-19T07:56:00.000Z,2021-11-19T07:57:00.000Z,engine,0.986907958984375,0.16112823486328132,0.16112823486328132,83.88717651367188,,,61,9.82882232666016,51.17117767333985,
9,2021-11-19T07:57:22.000Z,114.1296292,22.2826594,1,0,2021-11-19T07:57:00.000Z,2021-11-19T07:58:00.000Z,engine,0.986907958984375,0.16112823486328132,0.16112823486328132,83.88717651367188,,,60,9.667694091796879,50.332305908203125,
9,2021-11-19T07:58:22.000Z,114.1294434,22.28251415,0,100,2021-11-19T07:58:00.000Z,2021-11-19T07:59:00.000Z,engine,0.986907958984375,0.16112823486328132,0,100,,,61,0,61,
9,2021-11-19T07:59:23.000Z,114.1292576,22.2823689,0,100,2021-11-19T07:59:00.000Z,2021-11-19T08:00:00.000Z,engine,0.986907958984375,0.16112823486328132,0,100,,,60,0,60,
9,2021-11-19T08:00:23.000Z,114.1296292,22.2826594,1,0,2021-11-19T08:00:00.000Z,2021-11-19T08:01:00.000Z,engine,0.97381591796875,0.1722564697265625,0.1722564697265625,82.77435302734375,,,61,10.507644653320312,50.49235534667969,
9,2021-11-19T08:01:24.000Z,114.1296292,22.2826594,1,0,2021-11-19T08:01:00.000Z,2021-11-19T08:02:00.000Z,engine,0.97381591796875,0.1722564697265625,0.1722564697265625,82.77435302734375,,,61,10.507644653320312,50.49235534667969,
9,2021-11-19T08:02:25.000Z,114.1296292,22.2826594,1,0,2021-11-19T08:02:00.000Z,2021-11-19T08:03:00.000Z,engine,0.97381591796875,0.1722564697265625,0.1722564697265625,82.77435302734375,,,60,10.33538818359375,49.66461181640625,
9,2021-11-19T08:03:25.000Z,114.1292576,22.2823689,0,100,2021-11-19T08:03:00.000Z,2021-11-19T08:04:00.000Z,engine,0.97381591796875,0.1722564697265625,0,100,,,61,0,61,
9,2021-11-19T08:04:26.000Z,114.1294434,22.28251415,0,100,2021-11-19T08:04:00.000Z,2021-11-19T08:05:00.000Z,engine,0.97381591796875,0.1722564697265625,0,100,,,61,0,61,
9,2021-11-19T08:05:27.000Z,114.1292576,22.2823689,0,100,2021-11-19T08:05:00.000Z,2021-11-19T08:06:00.000Z,engine,0.97381591796875,0.1722564697265625,0,100,,,60,0,60,
9,2021-11-19T08:06:27.000Z,114.1292576,22.2823689,0,100,2021-11-19T08:06:00.000Z,2021-11-19T08:07:00.000Z,engine,0.97381591796875,0.1722564697265625,0,100,,,61,0,61,
9,2021-11-19T08:07:28.000Z,114.1292576,22.2823689,0,100,2021-11-19T08:07:00.000Z,2021-11-19T08:08:00.000Z,engine,0.97381591796875,0.1722564697265625,0,100,,,60,0,60,
9,2021-11-19T08:08:28.000Z,114.1292576,22.2823689,0,100,2021-11-19T08:08:00.000Z,2021-11-19T08:09:00.000Z,engine,0.97381591796875,0.1722564697265625,0,100,,,61,0,61,
9,2021-11-19T08:09:29.000Z,114.1296292,22.2826594,1,0,2021-11-19T08:09:00.000Z,2021-11-19T08:10:00.000Z,engine,0.97381591796875,0.1722564697265625,0.1722564697265625,82.77435302734375,,,56,9.6463623046875,46.3536376953125,
9,2021-11-19T08:10:25.000Z,114.1296292,22.2826594,1,0,2021-11-19T08:10:00.000Z,2021-11-19T08:11:00.000Z,engine,0.97381591796875,0.1722564697265625,0.1722564697265625,82.77435302734375,,,60,10.33538818359375,49.66461181640625,
9,2021-11-19T08:11:25.000Z,114.1294434,22.28251415,0,100,2021-11-19T08:11:00.000Z,2021-11-19T08:12:00.000Z,engine,0.97381591796875,0.1722564697265625,0,100,,,56,0,56,
9,2021-11-19T08:12:21.000Z,114.1294434,22.28251415,0,100,2021-11-19T08:12:00.000Z,2021-11-19T08:13:00.000Z,engine,0.97381591796875,0.1722564697265625,0,100,,,60,0,60,
9,2021-11-19T08:13:21.000Z,114.1296292,22.2826594,1,0,2021-11-19T08:13:00.000Z,2021-11-19T08:14:00.000Z,engine,0.97381591796875,0.1722564697265625,0.1722564697265625,82.77435302734375,,,61,10.507644653320312,50.49235534667969,
9,2021-11-19T08:14:22.000Z,114.1296292,22.2826594,1,0,2021-11-19T08:14:00.000Z,2021-11-19T08:15:00.000Z,engine,0.97381591796875,0.1722564697265625,0.1722564697265625,82.77435302734375,,,61,10.507644653320312,50.49235534667969,
9,2021-11-19T08:15:23.000Z,114.1296292,22.2826594,1,0,2021-11-19T08:15:00.000Z,2021-11-19T08:16:00.000Z,engine,0.97381591796875,0.1722564697265625,0.1722564697265625,82.77435302734375,,,60,10.33538818359375,49.66461181640625,
9,2021-11-19T08:16:23.000Z,114.1296292,22.2826594,1,0,2021-11-19T08:16:00.000Z,2021-11-19T08:17:00.000Z,engine,0.97381591796875,0.1722564697265625,0.1722564697265625,82.77435302734375,,,61,10.507644653320312,50.49235534667969,
9,2021-11-19T08:17:24.000Z,114.1296292,22.2826594,1,0,2021-11-19T08:17:00.000Z,2021-11-19T08:18:00.000Z,engine,0.97381591796875,0.1722564697265625,0.1722564697265625,82.77435302734375,,,61,10.507644653320312,50.49235534667969,
9,2021-11-19T08:18:25.000Z,114.1296292,22.2826594,1,0,2021-11-19T08:18:00.000Z,2021-11-19T08:19:00.000Z,engine,0.97381591796875,0.1722564697265625,0.1722564697265625,82.77435302734375,,,60,10.33538818359375,49.66461181640625,
9,2021-11-19T08:19:25.000Z,114.1296292,22.2826594,1,0,2021-11-19T08:19:00.000Z,2021-11-19T08:20:00.000Z,engine,0.97381591796875,0.1722564697265625,0.1722564697265625,82.77435302734375,,,56,9.6463623046875,46.3536376953125,
9,2021-11-19T08:20:21.000Z,114.1296292,22.2826594,1,0,2021-11-19T08:20:00.000Z,2021-11-19T08:21:00.000Z,engine,0.97381591796875,0.1722564697265625,0.1722564697265625,82.77435302734375,,,61,10.507644653320312,50.49235534667969,
9,2021-11-19T08:21:22.000Z,114.1296292,22.2826594,1,0,2021-11-19T08:21:00.000Z,2021-11-19T08:22:00.000Z,engine,0.97381591796875,0.1722564697265625,0.1722564697265625,82.77435302734375,,,60,10.33538818359375,49.66461181640625,
9,2021-11-19T08:22:22.000Z,114.1296292,22.2826594,1,0,2021-11-19T08:22:00.000Z,2021-11-19T08:23:00.000Z,engine,0.97381591796875,0.1722564697265625,0.1722564697265625,82.77435302734375,,,61,10.507644653320312,50.49235534667969,
9,2021-11-19T08:23:23.000Z,114.1296292,22.2826594,1,0,2021-11-19T08:23:00.000Z,2021-11-19T08:24:00.000Z,engine,0.97381591796875,0.1722564697265625,0.1722564697265625,82.77435302734375,,,60,10.33538818359375,49.66461181640625,
9,2021-11-19T08:24:23.000Z,114.1296292,22.2826594,1,0,2021-11-19T08:24:00.000Z,2021-11-19T08:25:00.000Z,engine,0.97381591796875,0.1722564697265625,0.1722564697265625,82.77435302734375,,,61,10.507644653320312,50.49235534667969,
9,2021-11-19T08:25:24.000Z,114.1296292,22.2826594,1,0,2021-11-19T08:25:00.000Z,2021-11-19T08:26:00.000Z,engine,0.97381591796875,0.1722564697265625,0.1722564697265625,82.77435302734375,,,61,10.507644653320312,50.49235534667969,
9,2021-11-19T08:26:25.000Z,114.1296292,22.2826594,1,0,2021-11-19T08:26:00.000Z,2021-11-19T08:27:00.000Z,engine,0.97381591796875,0.1722564697265625,0.1722564697265625,82.77435302734375,,,60,10.33538818359375,49.66461181640625,
9,2021-11-19T08:27:25.000Z,114.1296292,22.2826594,1,0,2021-11-19T08:27:00.000Z,2021-11-19T08:28:00.000Z,engine,0.97381591796875,0.1722564697265625,0.1722564697265625,82.77435302734375,,,61,10.507644653320312,50.49235534667969,
9,2021-11-19T08:28:26.000Z,114.1296292,22.2826594,1,0,2021-11-19T08:28:00.000Z,2021-11-19T08:29:00.000Z,engine,0.97381591796875,0.1722564697265625,0.1722564697265625,82.77435302734375,,,61,10.507644653320312,50.49235534667969,
9,2021-11-19T08:29:27.000Z,114.1292576,22.2823689,0,100,2021-11-19T08:29:00.000Z,2021-11-19T08:30:00.000Z,engine,0.97381591796875,0.1722564697265625,0,100,,,61,0,61,
9,2021-11-19T08:30:28.000Z,114.1292576,22.2823689,0,100,2021-11-19T08:30:00.000Z,2021-11-19T08:31:00.000Z,engine,0.97381591796875,0.1722564697265625,0,100,,,60,0,60,
9,2021-11-19T08:31:28.000Z,114.1296292,22.2826594,1,0,2021-11-19T08:31:00.000Z,2021-11-19T08:32:00.000Z,engine,0.97381591796875,0.1722564697265625,0.1722564697265625,82.77435302734375,,,61,10.507644653320312,50.49235534667969,
9,2021-11-19T08:32:29.000Z,114.1296292,22.2826594,1,0,2021-11-19T08:32:00.000Z,2021-11-19T08:33:00.000Z,engine,0.97381591796875,0.1722564697265625,0.1722564697265625,82.77435302734375,,,60,10.33538818359375,49.66461181640625,
9,2021-11-19T08:33:29.000Z,114.1292576,22.2823689,0,100,2021-11-19T08:33:00.000Z,2021-11-19T08:34:00.000Z,engine,0.97381591796875,0.1722564697265625,0,100,,,56,0,56,
9,2021-11-19T08:34:25.000Z,114.1292576,22.2823689,0,100,2021-11-19T08:34:00.000Z,2021-11-19T08:35:00.000Z,engine,0.97381591796875,0.1722564697265625,0,100,,,60,0,60,
9,2021-11-19T08:35:25.000Z,114.1296292,22.2826594,1,0,2021-11-19T08:35:00.000Z,2021-11-19T08:36:00.000Z,engine,0.97381591796875,0.1722564697265625,0.1722564697265625,82.77435302734375,,,56,9.6463623046875,46.3536376953125,
9,2021-11-19T08:36:21.000Z,114.1296292,22.2826594,1,0,2021-11-19T08:36:00.000Z,2021-11-19T08:37:00.000Z,engine,0.97381591796875,0.1722564697265625,0.1722564697265625,82.77435302734375,,,66,11.368927001953125,54.631072998046875,
9,2021-11-19T08:37:27.000Z,114.1296292,22.2826594,1,0,2021-11-19T08:37:00.000Z,2021-11-19T08:38:00.000Z,engine,0.97381591796875,0.1722564697265625,0.1722564697265625,82.77435302734375,,,60,10.33538818359375,49.66461181640625,
9,2021-11-19T08:38:27.000Z,114.1292576,22.2823689,0,100,2021-11-19T08:38:00.000Z,2021-11-19T08:39:00.000Z,engine,0.97381591796875,0.1722564697265625,0,100,,,61,0,61,
9,2021-11-19T08:39:28.000Z,114.1292576,22.2823689,0,100,2021-11-19T08:39:00.000Z,2021-11-19T08:40:00.000Z,engine,0.97381591796875,0.1722564697265625,0,100,,,61,0,61,
9,2021-11-19T08:40:29.000Z,114.1292576,22.2823689,0,100,2021-11-19T08:40:00.000Z,2021-11-19T08:41:00.000Z,engine,0.97381591796875,0.1722564697265625,0,100,,,55,0,55,
9,2021-11-19T08:41:24.000Z,114.1292576,22.2823689,0,100,2021-11-19T08:41:00.000Z,2021-11-19T08:42:00.000Z,engine,0.97381591796875,0.1722564697265625,0,100,,,61,0,61,
9,2021-11-19T08:42:25.000Z,114.1292576,22.2823689,0,100,2021-11-19T08:42:00.000Z,2021-11-19T08:43:00.000Z,engine,0.97381591796875,0.1722564697265625,0,100,,,61,0,61,
9,2021-11-19T08:43:26.000Z,114.1292576,22.2823689,0,100,2021-11-19T08:43:00.000Z,2021-11-19T08:44:00.000Z,engine,0.97381591796875,0.1722564697265625,0,100,,,55,0,55,
9,2021-11-19T08:44:21.000Z,114.1292576,22.2823689,0,100,2021-11-19T08:44:00.000Z,2021-11-19T08:45:00.000Z,engine,0.97381591796875,0.1722564697265625,0,100,,,61,0,61,
9,2021-11-19T08:45:22.000Z,114.1292576,22.2823689,0,100,2021-11-19T08:45:00.000Z,2021-11-19T08:46:00.000Z,engine,0.97381591796875,0.1722564697265625,0,100,,,66,0,66,
10,2021-11-19T08:46:28.000Z,114.1292576,22.2823689,0,100,2021-11-19T08:46:00.000Z,2021-11-19T08:47:00.000Z,engine,0.97381591796875,0.1722564697265625,0,100,,,60,0,60,
10,2021-11-19T08:47:28.000Z,114.1292576,22.2823689,0,100,2021-11-19T08:47:00.000Z,2021-11-19T08:48:00.000Z,engine,0.97381591796875,0.1722564697265625,0,100,,,61,0,61,
10,2021-11-19T08:48:29.000Z,114.12981500000001,22.282979,1,0,2021-11-19T08:48:00.000Z,2021-11-19T08:49:00.000Z,fallback_no_buildings,0.97381591796875,0.1722564697265625,0.1722564697265625,82.77435302734375,,,56,9.6463623046875,46.3536376953125,
10,2021-11-19T08:49:25.000Z,114.1300008,22.282601,0,100,2021-11-19T08:49:00.000Z,2021-11-19T08:50:00.000Z,engine,0.97381591796875,0.1722564697265625,0,100,,,60,0,60,
10,2021-11-19T08:50:25.000Z,114.1300008,22.2824557,1,0,2021-11-19T08:50:00.000Z,2021-11-19T08:51:00.000Z,engine,0.97381591796875,0.1722564697265625,0.1722564697265625,82.77435302734375,,,56,9.6463623046875,46.3536376953125,
10,2021-11-19T08:51:21.000Z,114.130744,22.28373435,1,0,2021-11-19T08:51:00.000Z,2021-11-19T08:52:00.000Z,engine,0.97381591796875,0.1722564697265625,0.1722564697265625,82.77435302734375,,,60,10.33538818359375,49.66461181640625,
10,2021-11-19T08:52:21.000Z,114.130744,22.283705949999998,1,0,2021-11-19T08:52:00.000Z,2021-11-19T08:53:00.000Z,engine,0.97381591796875,0.1722564697265625,0.1722564697265625,82.77435302734375,,,61,10.507644653320312,50.49235534667969,
10,2021-11-19T08:53:22.000Z,114.1305582,22.2833855,0,100,2021-11-19T08:53:00.000Z,2021-11-19T08:54:00.000Z,engine,0.97381591796875,0.1722564697265625,0,100,,,61,0,61,
10,2021-11-19T08:54:23.000Z,114.1300008,22.2829498,1,0,2021-11-19T08:54:00.000Z,2021-11-19T08:55:00.000Z,fallback_no_buildings,0.97381591796875,0.1722564697265625,0.1722564697265625,82.77435302734375,,,60,10.33538818359375,49.66461181640625,
10,2021-11-19T08:55:23.000Z,114.1300008,22.2829498,1,0,2021-11-19T08:55:00.000Z,2021-11-19T08:56:00.000Z,fallback_no_buildings,0.97381591796875,0.1722564697265625,0.1722564697265625,82.77435302734375,,,61,10.507644653320312,50.49235534667969,
10,2021-11-19T08:56:24.000Z,114.1301866,22.28326945,1,0,2021-11-19T08:56:00.000Z,2021-11-19T08:57:00.000Z,fallback_no_buildings,0.97381591796875,0.1722564697265625,0.1722564697265625,82.77435302734375,,,60,10.33538818359375,49.66461181640625,
10,2021-11-19T08:57:24.000Z,114.1292576,22.282659350000003,0,100,2021-11-19T08:57:00.000Z,2021-11-19T08:58:00.000Z,engine,0.97381591796875,0.1722564697265625,0,100,,,61,0,61,
10,2021-11-19T08:58:25.000Z,114.1292576,22.2823689,0,100,2021-11-19T08:58:00.000Z,2021-11-19T08:59:00.000Z,engine,0.97381591796875,0.1722564697265625,0,100,,,63,0,63,
10,2021-11-19T08:59:28.000Z,114.12981500000001,22.2812931,0,100,2021-11-19T08:59:00.000Z,2021-11-19T09:00:00.000Z,engine,0.97381591796875,0.1722564697265625,0,100,,,60,0,60,
10,2021-11-19T09:00:28.000Z,114.1296292,22.2812639,0,100,2021-11-19T09:00:00.000Z,2021-11-19T09:01:00.000Z,engine,0.829376220703125,0.29503021240234373,0,100,,,60,0,60,
10,2021-11-19T09:01:28.000Z,114.1296292,22.2812639,0,100,2021-11-19T09:01:00.000Z,2021-11-19T09:02:00.000Z,engine,0.829376220703125,0.29503021240234373,0,100,,,56,0,56,
10,2021-11-19T09:02:24.000Z,114.1296292,22.2812639,0,100,2021-11-19T09:02:00.000Z,2021-11-19T09:03:00.000Z,engine,0.829376220703125,0.29503021240234373,0,100,,,61,0,61,
10,2021-11-19T09:03:25.000Z,114.1296292,22.2812639,0,100,2021-11-19T09:03:00.000Z,2021-11-19T09:04:00.000Z,engine,0.829376220703125,0.29503021240234373,0,100,,,60,0,60,
10,2021-11-19T09:04:25.000Z,114.1294434,22.2812931,0,100,2021-11-19T09:04:00.000Z,2021-11-19T09:05:00.000Z,engine,0.829376220703125,0.29503021240234373,0,100,,,61,0,61,
10,2021-11-19T09:05:26.000Z,114.1296292,22.2812639,0,100,2021-11-19T09:05:00.000Z,2021-11-19T09:06:00.000Z,engine,0.829376220703125,0.29503021240234373,0,100,,,56,0,56,
10,2021-11-19T09:06:22.000Z,114.1296292,22.281758,0,100,2021-11-19T09:06:00.000Z,2021-11-19T09:07:00.000Z,engine,0.829376220703125,0.29503021240234373,0,100,,,63,0,63,
10,2021-11-19T09:07:25.000Z,114.1292576,22.2823689,0,100,2021-11-19T09:07:00.000Z,2021-11-19T09:08:00.000Z,engine,0.829376220703125,0.29503021240234373,0,100,,,56,0,56,
10,2021-11-19T09:08:21.000Z,114.12888605,22.28222365,0,100,2021-11-19T09:08:00.000Z,2021-11-19T09:09:00.000Z,engine,0.829376220703125,0.29503021240234373,0,100,,,66,0,66,
10,2021-11-19T09:09:27.000Z,114.1285145,22.2821368,0,100,2021-11-19T09:09:00.000Z,2021-11-19T09:10:00.000Z,engine,0.829376220703125,0.29503021240234373,0,100,,,61,0,61,
10,2021-11-19T09:10:28.000Z,114.12907185,22.28225285,0,100,2021-11-19T09:10:00.000Z,2021-11-19T09:11:00.000Z,engine,0.829376220703125,0.29503021240234373,0,100,,,60,0,60,
10,2021-11-19T09:11:28.000Z,114.1292576,22.2823689,0,100,2021-11-19T09:11:00.000Z,2021-11-19T09:12:00.000Z,engine,0.829376220703125,0.29503021240234373,0,100,,,61,0,61,
10,2021-11-19T09:12:29.000Z,114.1292576,22.2823689,0,100,2021-11-19T09:12:00.000Z,2021-11-19T09:13:00.000Z,engine,0.829376220703125,0.29503021240234373,0,100,,,55,0,55,
10,2021-11-19T09:13:24.000Z,114.1292576,22.2823689,0,100,2021-11-19T09:13:00.000Z,2021-11-19T09:14:00.000Z,engine,0.829376220703125,0.29503021240234373,0,100,,,61,0,61,
10,2021-11-19T09:14:25.000Z,114.1292576,22.2823689,0,100,2021-11-19T09:14:00.000Z,2021-11-19T09:15:00.000Z,engine,0.829376220703125,0.29503021240234373,0,100,,,61,0,61,
10,2021-11-19T09:15:26.000Z,114.1292576,22.2823689,0,100,2021-11-19T09:15:00.000Z,2021-11-19T09:16:00.000Z,engine,0.829376220703125,0.29503021240234373,0,100,,,60,0,60,
11,2021-11-19T09:16:26.000Z,114.1292576,22.2823689,0,100,2021-11-19T09:16:00.000Z,2021-11-19T09:17:00.000Z,engine,0.829376220703125,0.29503021240234373,0,100,,,61,0,61,
11,2021-11-19T09:17:27.000Z,114.1292576,22.2823689,0,100,2021-11-19T09:17:00.000Z,2021-11-19T09:18:00.000Z,engine,0.829376220703125,0.29503021240234373,0,100,,,61,0,61,
11,2021-11-19T09:18:28.000Z,114.1294434,22.28251415,0,100,2021-11-19T09:18:00.000Z,2021-11-19T09:19:00.000Z,engine,0.829376220703125,0.29503021240234373,0,100,,,60,0,60,
11,2021-11-19T09:19:28.000Z,114.1296292,22.2826594,1,0,2021-11-19T09:19:00.000Z,2021-11-19T09:20:00.000Z,engine,0.829376220703125,0.29503021240234373,0.29503021240234373,70.49697875976562,,,61,17.996842956542967,43.00315704345703,
11,2021-11-19T09:20:29.000Z,114.1294434,22.28251415,0,100,2021-11-19T09:20:00.000Z,2021-11-19T09:21:00.000Z,engine,0.829376220703125,0.29503021240234373,0,100,,,55,0,55,
11,2021-11-19T09:21:24.000Z,114.1292576,22.2823689,0,100,2021-11-19T09:21:00.000Z,2021-11-19T09:22:00.000Z,engine,0.829376220703125,0.29503021240234373,0,100,,,61,0,61,
11,2021-11-19T09:22:25.000Z,114.1296292,22.2826594,1,0,2021-11-19T09:22:00.000Z,2021-11-19T09:23:00.000Z,engine,0.829376220703125,0.29503021240234373,0.29503021240234373,70.49697875976562,,,61,17.996842956542967,43.00315704345703,
11,2021-11-19T09:23:26.000Z,114.1294434,22.28251415,0,100,2021-11-19T09:23:00.000Z,2021-11-19T09:24:00.000Z,engine,0.829376220703125,0.29503021240234373,0,100,,,55,0,55,
11,2021-11-19T09:24:21.000Z,114.1292576,22.2823689,0,100,2021-11-19T09:24:00.000Z,2021-11-19T09:25:00.000Z,engine,0.829376220703125,0.29503021240234373,0,100,,,61,0,61,
11,2021-11-19T09:25:22.000Z,114.1294434,22.28251415,0,100,2021-11-19T09:25:00.000Z,2021-11-19T09:26:00.000Z,engine,0.829376220703125,0.29503021240234373,0,100,,,61,0,61,
11,2021-11-19T09:26:23.000Z,114.1294434,22.28251415,0,100,2021-11-19T09:26:00.000Z,2021-11-19T09:27:00.000Z,engine,0.829376220703125,0.29503021240234373,0,100,,,60,0,60,
11,2021-11-19T09:27:23.000Z,114.1296292,22.2826594,1,0,2021-11-19T09:27:00.000Z,2021-11-19T09:28:00.000Z,engine,0.829376220703125,0.29503021240234373,0.29503021240234373,70.49697875976562,,,61,17.996842956542967,43.00315704345703,
11,2021-11-19T09:28:24.000Z,114.1294434,22.28251415,0,100,2021-11-19T09:28:00.000Z,2021-11-19T09:29:00.000Z,engine,0.829376220703125,0.29503021240234373,0,100,,,61,0,61,
11,2021-11-19T09:29:25.000Z,114.1294434,22.28251415,0,100,2021-11-19T09:29:00.000Z,2021-11-19T09:30:00.000Z,engine,0.829376220703125,0.29503021240234373,0,100,,,60,0,60,
11,2021-11-19T09:30:25.000Z,114.1296292,22.2826594,1,0,2021-11-19T09:30:00.000Z,2021-11-19T09:31:00.000Z,engine,0.829376220703125,0.29503021240234373,0.29503021240234373,70.49697875976562,,,61,17.996842956542967,43.00315704345703,
11,2021-11-19T09:31:26.000Z,114.1294434,22.28251415,0,100,2021-11-19T09:31:00.000Z,2021-11-19T09:32:00.000Z,engine,0.829376220703125,0.29503021240234373,0,100,,,55,0,55,
11,2021-11-19T09:32:21.000Z,114.1292576,22.2823689,0,100,2021-11-19T09:32:00.000Z,2021-11-19T09:33:00.000Z,engine,0.829376220703125,0.29503021240234373,0,100,,,61,0,61,
11,2021-11-19T09:33:22.000Z,114.1296292,22.2826594,1,0,2021-11-19T09:33:00.000Z,2021-11-19T09:34:00.000Z,engine,0.829376220703125,0.29503021240234373,0.29503021240234373,70.49697875976562,,,66,19.471994018554685,46.52800598144531,
11,2021-11-19T09:34:28.000Z,114.1296292,22.2826594,1,0,2021-11-19T09:34:00.000Z,2021-11-19T09:35:00.000Z,engine,0.829376220703125,0.29503021240234373,0.29503021240234373,70.49697875976562,,,61,17.996842956542967,43.00315704345703,
11,2021-11-19T09:35:29.000Z,114.1292576,22.2823689,0,100,2021-11-19T09:35:00.000Z,2021-11-19T09:36:00.000Z,engine,0.829376220703125,0.29503021240234373,0,100,,,60,0,60,
11,2021-11-19T09:36:29.000Z,114.1292576,22.2823689,0,100,2021-11-19T09:36:00.000Z,2021-11-19T09:37:00.000Z,engine,0.829376220703125,0.29503021240234373,0,100,,,56,0,56,
11,2021-11-19T09:37:25.000Z,114.1296292,22.2826594,0,100,2021-11-19T09:37:00.000Z,2021-11-19T09:38:00.000Z,fallback_night,0.829376220703125,0.29503021240234373,0,100,,,61,0,61,
11,2021-11-19T09:38:26.000Z,114.1292576,22.2823689,0,100,2021-11-19T09:38:00.000Z,2021-11-19T09:39:00.000Z,fallback_night,0.829376220703125,0.29503021240234373,0,100,,,55,0,55,
11,2021-11-19T09:39:21.000Z,114.1296292,22.2826594,0,100,2021-11-19T09:39:00.000Z,2021-11-19T09:40:00.000Z,fallback_night,0.829376220703125,0.29503021240234373,0,100,,,61,0,61,
11,2021-11-19T09:40:22.000Z,114.1294434,22.28251415,0,100,2021-11-19T09:40:00.000Z,2021-11-19T09:41:00.000Z,fallback_night,0.829376220703125,0.29503021240234373,0,100,,,60,0,60,
11,2021-11-19T09:41:22.000Z,114.1294434,22.28251415,0,100,2021-11-19T09:41:00.000Z,2021-11-19T09:42:00.000Z,fallback_night,0.829376220703125,0.29503021240234373,0,100,,,66,0,66,
11,2021-11-19T09:42:28.000Z,114.1292576,22.2823689,0,100,2021-11-19T09:42:00.000Z,2021-11-19T09:43:00.000Z,fallback_night,0.829376220703125,0.29503021240234373,0,100,,,61,0,61,
11,2021-11-19T09:43:29.000Z,114.1292576,22.2823689,0,100,2021-11-19T09:43:00.000Z,2021-11-19T09:44:00.000Z,fallback_night,0.829376220703125,0.29503021240234373,0,100,,,55,0,55,
11,2021-11-19T09:44:24.000Z,114.1292576,22.2823689,0,100,2021-11-19T09:44:00.000Z,2021-11-19T09:45:00.000Z,fallback_night,0.829376220703125,0.29503021240234373,0,100,,,61,0,61,
11,2021-11-19T09:45:25.000Z,114.1294434,22.28251415,0,100,2021-11-19T09:45:00.000Z,2021-11-19T09:46:00.000Z,fallback_night,0.829376220703125,0.29503021240234373,0,100,,,61,0,61,
12,2021-11-19T09:46:26.000Z,114.1292576,22.2823689,0,100,2021-11-19T09:46:00.000Z,2021-11-19T09:47:00.000Z,fallback_night,0.829376220703125,0.29503021240234373,0,100,,,55,0,55,
12,2021-11-19T09:47:21.000Z,114.1292576,22.2823689,0,100,2021-11-19T09:47:00.000Z,2021-11-19T09:48:00.000Z,fallback_night,0.829376220703125,0.29503021240234373,0,100,,,61,0,61,
12,2021-11-19T09:48:22.000Z,114.1292576,22.2823689,0,100,2021-11-19T09:48:00.000Z,2021-11-19T09:49:00.000Z,fallback_night,0.829376220703125,0.29503021240234373,0,100,,,61,0,61,
12,2021-11-19T09:49:23.000Z,114.1292576,22.2823689,0,100,2021-11-19T09:49:00.000Z,2021-11-19T09:50:00.000Z,fallback_night,0.829376220703125,0.29503021240234373,0,100,,,55,0,55,
12,2021-11-19T09:50:18.000Z,114.1296292,22.2823105,0,100,2021-11-19T09:50:00.000Z,2021-11-19T09:51:00.000Z,fallback_night,0.829376220703125,0.29503021240234373,0,100,,,63,0,63,
12,2021-11-19T09:51:21.000Z,114.1296292,22.281496699999998,0,100,2021-11-19T09:51:00.000Z,2021-11-19T09:52:00.000Z,fallback_night,0.829376220703125,0.29503021240234373,0,100,,,66,0,66,
12,2021-11-19T09:52:27.000Z,114.1296292,22.2812639,0,100,2021-11-19T09:52:00.000Z,2021-11-19T09:53:00.000Z,fallback_night,0.829376220703125,0.29503021240234373,0,100,,,60,0,60,
12,2021-11-19T09:53:27.000Z,114.1296292,22.2812639,0,100,2021-11-19T09:53:00.000Z,2021-11-19T09:54:00.000Z,fallback_night,0.829376220703125,0.29503021240234373,0,100,,,61,0,61,
12,2021-11-19T09:54:28.000Z,114.1296292,22.2812639,0,100,2021-11-19T09:54:00.000Z,2021-11-19T09:55:00.000Z,fallback_night,0.829376220703125,0.29503021240234373,0,100,,,56,0,56,
12,2021-11-19T09:55:24.000Z,114.1333451,22.282773,0,100,2021-11-19T09:55:00.000Z,2021-11-19T09:56:00.000Z,fallback_night,0.829376220703125,0.29503021240234373,0,100,,,61,0,61,
12,2021-11-19T09:56:25.000Z,114.1352031,22.28370195,0,100,2021-11-19T09:56:00.000Z,2021-11-19T09:57:00.000Z,fallback_night,0.87396240234375,0.2571319580078125,0,100,,,60,0,60,
12,2021-11-19T09:57:25.000Z,114.13260195000001,22.2830067,0,100,2021-11-19T09:57:00.000Z,2021-11-19T09:58:00.000Z,fallback_night,0.829376220703125,0.29503021240234373,0,100,,,61,0,61,
12,2021-11-19T09:58:26.000Z,114.1378042,22.2841651,0,100,2021-11-19T09:58:00.000Z,2021-11-19T09:59:00.000Z,fallback_night,0.87396240234375,0.2571319580078125,0,100,,,55,0,55,
12,2021-11-19T09:59:21.000Z,114.1359463,22.2841668,0,100,2021-11-19T09:59:00.000Z,2021-11-19T10:00:00.000Z,fallback_night,0.87396240234375,0.2571319580078125,0,100,,,66,0,66,
12,2021-11-19T10:00:27.000Z,114.1426348,22.2851497,0,100,2021-11-19T10:00:00.000Z,2021-11-19T10:01:00.000Z,fallback_night,0.87396240234375,0.2571319580078125,0,100,,,51,0,51,
12,2021-11-19T10:01:18.000Z,114.1436612,22.2844679,0,100,2021-11-19T10:01:00.000Z,2021-11-19T10:02:00.000Z,fallback_night,0.87396240234375,0.2571319580078125,0,100,,,65,0,65,
12,2021-11-19T10:02:23.000Z,114.1508095,22.2877009,0,100,2021-11-19T10:02:00.000Z,2021-11-19T10:03:00.000Z,fallback_night,0.87396240234375,0.2571319580078125,0,100,,,60,0,60,